Using pre-set license
Built from '2022.3/release' branch; Version is '2022.3.61f1 (6c53ebaf375d) revision 7099371'; Using compiler version '192829333'; Build Type 'Release'
OS: 'Windows 11  (10.0.22621) 64bit Professional' Language: 'es' Physical Memory: 14252 MB
BatchMode: 1, IsHumanControllingUs: 0, StartBugReporterOnCrash: 0, Is64bit: 1, IsPro: 1

COMMAND LINE ARGUMENTS:
C:\Program Files\Unity\Hub\Editor\2022.3.61f1\Editor\Unity.exe
-adb2
-batchMode
-noUpm
-name
AssetImportWorker0
-projectPath
C:/Users/Udenar/My project (6)
-logFile
Logs/AssetImportWorker0.log
-srvPort
49921
Successfully changed project path to: C:/Users/Udenar/My project (6)
C:/Users/Udenar/My project (6)
[UnityMemory] Configuration Parameters - Can be set up in boot.config
    "memorysetup-bucket-allocator-granularity=16"
    "memorysetup-bucket-allocator-bucket-count=8"
    "memorysetup-bucket-allocator-block-size=33554432"
    "memorysetup-bucket-allocator-block-count=8"
    "memorysetup-main-allocator-block-size=16777216"
    "memorysetup-thread-allocator-block-size=16777216"
    "memorysetup-gfx-main-allocator-block-size=16777216"
    "memorysetup-gfx-thread-allocator-block-size=16777216"
    "memorysetup-cache-allocator-block-size=4194304"
    "memorysetup-typetree-allocator-block-size=2097152"
    "memorysetup-profiler-bucket-allocator-granularity=16"
    "memorysetup-profiler-bucket-allocator-bucket-count=8"
    "memorysetup-profiler-bucket-allocator-block-size=33554432"
    "memorysetup-profiler-bucket-allocator-block-count=8"
    "memorysetup-profiler-allocator-block-size=16777216"
    "memorysetup-profiler-editor-allocator-block-size=1048576"
    "memorysetup-temp-allocator-size-main=16777216"
    "memorysetup-job-temp-allocator-block-size=2097152"
    "memorysetup-job-temp-allocator-block-size-background=1048576"
    "memorysetup-job-temp-allocator-reduction-small-platforms=262144"
    "memorysetup-allocator-temp-initial-block-size-main=262144"
    "memorysetup-allocator-temp-initial-block-size-worker=262144"
    "memorysetup-temp-allocator-size-background-worker=32768"
    "memorysetup-temp-allocator-size-job-worker=262144"
    "memorysetup-temp-allocator-size-preload-manager=33554432"
    "memorysetup-temp-allocator-size-nav-mesh-worker=65536"
    "memorysetup-temp-allocator-size-audio-worker=65536"
    "memorysetup-temp-allocator-size-cloud-worker=32768"
    "memorysetup-temp-allocator-size-gi-baking-worker=262144"
    "memorysetup-temp-allocator-size-gfx=262144"
Player connection [10176]  Target information:

Player connection [10176]  * "[IP] 192.168.56.1 [Port] 0 [Flags] 2 [Guid] 2270897854 [EditorId] 2270897854 [Version] 1048832 [Id] WindowsEditor(7,Udenar_141436) [Debug] 1 [PackageName] WindowsEditor [ProjectName] Editor" 

Player connection [10176]  * "[IP] 192.168.137.1 [Port] 0 [Flags] 2 [Guid] 2270897854 [EditorId] 2270897854 [Version] 1048832 [Id] WindowsEditor(7,Udenar_141436) [Debug] 1 [PackageName] WindowsEditor [ProjectName] Editor" 

Player connection [10176]  * "[IP] 192.168.10.27 [Port] 0 [Flags] 2 [Guid] 2270897854 [EditorId] 2270897854 [Version] 1048832 [Id] WindowsEditor(7,Udenar_141436) [Debug] 1 [PackageName] WindowsEditor [ProjectName] Editor" 

Player connection [10176] Host joined multi-casting on [225.0.0.222:54997]...
Player connection [10176] Host joined alternative multi-casting on [225.0.0.222:34997]...
Input System module state changed to: Initialized.
[PhysX] Initialized MultithreadedTaskDispatcher with 4 workers.
Refreshing native plugins compatible for Editor in 13.81 ms, found 3 plugins.
Preloading 0 native plugins for Editor in 0.00 ms.
Initialize engine version: 2022.3.61f1 (6c53ebaf375d)
[Subsystems] Discovering subsystems at path C:/Program Files/Unity/Hub/Editor/2022.3.61f1/Editor/Data/Resources/UnitySubsystems
[Subsystems] Discovering subsystems at path C:/Users/Udenar/My project (6)/Assets
GfxDevice: creating device client; threaded=0; jobified=0
Direct3D:
    Version:  Direct3D 11.0 [level 11.1]
    Renderer: AMD Radeon(TM) Graphics (ID=0x15d8)
    Vendor:   ATI
    VRAM:     7126 MB
    Driver:   27.20.15030.3002
Initialize mono
Mono path[0] = 'C:/Program Files/Unity/Hub/Editor/2022.3.61f1/Editor/Data/Managed'
Mono path[1] = 'C:/Program Files/Unity/Hub/Editor/2022.3.61f1/Editor/Data/MonoBleedingEdge/lib/mono/unityjit-win32'
Mono config path = 'C:/Program Files/Unity/Hub/Editor/2022.3.61f1/Editor/Data/MonoBleedingEdge/etc'
Using monoOptions --debugger-agent=transport=dt_socket,embedding=1,server=y,suspend=n,address=127.0.0.1:56544
Begin MonoManager ReloadAssembly
Registering precompiled unity dll's ...
Register platform support module: C:/Program Files/Unity/Hub/Editor/2022.3.61f1/Editor/Data/PlaybackEngines/WindowsStandaloneSupport/UnityEditor.WindowsStandalone.Extensions.dll
Registered in 0.035846 seconds.
- Loaded All Assemblies, in  2.468 seconds
Native extension for WindowsStandalone target not found
Mono: successfully reloaded assembly
- Finished resetting the current domain, in  7.208 seconds
Domain Reload Profiling: 9672ms
	BeginReloadAssembly (507ms)
		ExecutionOrderSort (0ms)
		DisableScriptedObjects (0ms)
		BackupInstance (0ms)
		ReleaseScriptingObjects (0ms)
		CreateAndSetChildDomain (1ms)
	RebuildCommonClasses (375ms)
	RebuildNativeTypeToScriptingClass (78ms)
	initialDomainReloadingComplete (344ms)
	LoadAllAssembliesAndSetupDomain (1159ms)
		LoadAssemblies (510ms)
		RebuildTransferFunctionScriptingTraits (0ms)
		AnalyzeDomain (1145ms)
			TypeCache.Refresh (1141ms)
				TypeCache.ScanAssembly (959ms)
			ScanForSourceGeneratedMonoScriptInfo (1ms)
			ResolveRequiredComponents (1ms)
	FinalizeReload (7209ms)
		ReleaseScriptCaches (0ms)
		RebuildScriptCaches (0ms)
		SetupLoadedEditorAssemblies (4836ms)
			LogAssemblyErrors (0ms)
			InitializePlatformSupportModulesInManaged (119ms)
			SetLoadedEditorAssemblies (240ms)
			RefreshPlugins (0ms)
			BeforeProcessingInitializeOnLoad (15ms)
			ProcessInitializeOnLoadAttributes (3447ms)
			ProcessInitializeOnLoadMethodAttributes (1015ms)
			AfterProcessingInitializeOnLoad (0ms)
			EditorAssembliesLoaded (0ms)
		ExecutionOrderSort2 (0ms)
		AwakeInstancesAfterBackupRestoration (0ms)
========================================================================
Worker process is ready to serve import requests
Caller must complete domain reload
Begin MonoManager ReloadAssembly
- Loaded All Assemblies, in 13.211 seconds
Native extension for WindowsStandalone target not found
Mono: successfully reloaded assembly
- Finished resetting the current domain, in  2.788 seconds
Domain Reload Profiling: 15996ms
	BeginReloadAssembly (623ms)
		ExecutionOrderSort (0ms)
		DisableScriptedObjects (38ms)
		BackupInstance (0ms)
		ReleaseScriptingObjects (0ms)
		CreateAndSetChildDomain (57ms)
	RebuildCommonClasses (120ms)
	RebuildNativeTypeToScriptingClass (48ms)
	initialDomainReloadingComplete (120ms)
	LoadAllAssembliesAndSetupDomain (12296ms)
		LoadAssemblies (11805ms)
		RebuildTransferFunctionScriptingTraits (0ms)
		AnalyzeDomain (842ms)
			TypeCache.Refresh (758ms)
				TypeCache.ScanAssembly (719ms)
			ScanForSourceGeneratedMonoScriptInfo (57ms)
			ResolveRequiredComponents (25ms)
	FinalizeReload (2789ms)
		ReleaseScriptCaches (0ms)
		RebuildScriptCaches (0ms)
		SetupLoadedEditorAssemblies (1697ms)
			LogAssemblyErrors (0ms)
			InitializePlatformSupportModulesInManaged (21ms)
			SetLoadedEditorAssemblies (17ms)
			RefreshPlugins (0ms)
			BeforeProcessingInitializeOnLoad (222ms)
			ProcessInitializeOnLoadAttributes (1260ms)
			ProcessInitializeOnLoadMethodAttributes (146ms)
			AfterProcessingInitializeOnLoad (30ms)
			EditorAssembliesLoaded (0ms)
		ExecutionOrderSort2 (0ms)
		AwakeInstancesAfterBackupRestoration (21ms)
Launched and connected shader compiler UnityShaderCompiler.exe after 0.13 seconds
Refreshing native plugins compatible for Editor in 9.97 ms, found 3 plugins.
Preloading 0 native plugins for Editor in 0.00 ms.
Unloading 3140 Unused Serialized files (Serialized files now loaded: 0)
Unloading 19 unused Assets / (54.4 KB). Loaded Objects now: 3609.
Memory consumption went from 192.0 MB to 192.0 MB.
Total: 5.680000 ms (FindLiveObjects: 0.399600 ms CreateObjectMapping: 0.169900 ms MarkObjects: 4.934800 ms  DeleteObjects: 0.174400 ms)

AssetImportParameters requested are different than current active one (requested -> active):
  custom:container-demuxer-ogg: 62fdf1f143b41e24485cea50d1cbac27 -> 
  custom:video-codec-MediaFoundation-h265: 746d11721c4dcdbdad8f713fa42b33f4 -> 
  custom:video-decoder-ogg-theora: a1e56fd34408186e4bbccfd4996cb3dc -> 
  custom:framework-win-MediaFoundation: 216162199b28c13a410421893ffa2e32 -> 
  custom:CustomObjectIndexerAttribute: 9a22284fe3817be447336de3de66b15e -> 
  custom:container-demuxer-webm: 4f35f7cbe854078d1ac9338744f61a02 -> 
  custom:container-muxer-webm: aa71ff27fc2769a1b78a27578f13a17b -> 
  custom:video-decoder-webm-vp8: 9c59270c3fd7afecdb556c50c9e8de78 -> 
  custom:SearchIndexIgnoredProperties: e643bd26f0fe6173181afceb89e7c659 -> 
  custom:AudioImporter_EditorPlatform: d09bf68614088b80899f8185d706f6e7 -> 
  custom:video-encoder-webm-vp8: eb34c28f22e8b96e1ab97ce403110664 -> 
  custom:audio-decoder-ogg-vorbis: bf7c407c2cedff20999df2af8eb42d56 -> 
  custom:audio-encoder-webm-vorbis: bf7c407c2cedff20999df2af8eb42d56 -> 
========================================================================
Received Import Request.
  Time since last request: 466.182490 seconds.
  path: Assets/Scripts/Move.cs
  artifactKey: Guid(b459b76bd6886374dad666acfaf68450) Importer(815301076,1909f56bfc062723c751e8b465ee728b)
Start importing Assets/Scripts/Move.cs using Guid(b459b76bd6886374dad666acfaf68450) Importer(815301076,1909f56bfc062723c751e8b465ee728b) [PhysX] Initialized MultithreadedTaskDispatcher with 4 workers.
 -> (artifact id: '1a5407b778cf71719a6a23614966299a') in 0.007199 seconds
Number of updated asset objects reloaded before import = 0
Number of asset objects unloaded after import = 0
========================================================================
Received Import Request.
  Time since last request: 23.550208 seconds.
  path: ProjectSettings/TagManager.asset
  artifactKey: Guid(00000000000000003000000000000000) Importer(815301076,1909f56bfc062723c751e8b465ee728b)
Start importing ProjectSettings/TagManager.asset using Guid(00000000000000003000000000000000) Importer(815301076,1909f56bfc062723c751e8b465ee728b) [PhysX] Initialized MultithreadedTaskDispatcher with 4 workers.
 -> (artifact id: '924095e61a28dff1988bcc8dacf17e51') in 0.012152 seconds
Number of updated asset objects reloaded before import = 0
Number of asset objects unloaded after import = 0
========================================================================
Received Prepare
Caller must complete domain reload
Begin MonoManager ReloadAssembly
- Loaded All Assemblies, in  5.075 seconds
Native extension for WindowsStandalone target not found
Mono: successfully reloaded assembly
- Finished resetting the current domain, in 56.137 seconds
Domain Reload Profiling: 61193ms
	BeginReloadAssembly (345ms)
		ExecutionOrderSort (0ms)
		DisableScriptedObjects (11ms)
		BackupInstance (0ms)
		ReleaseScriptingObjects (0ms)
		CreateAndSetChildDomain (73ms)
	RebuildCommonClasses (183ms)
	RebuildNativeTypeToScriptingClass (31ms)
	initialDomainReloadingComplete (155ms)
	LoadAllAssembliesAndSetupDomain (4332ms)
		LoadAssemblies (4494ms)
		RebuildTransferFunctionScriptingTraits (0ms)
		AnalyzeDomain (42ms)
			TypeCache.Refresh (13ms)
				TypeCache.ScanAssembly (0ms)
			ScanForSourceGeneratedMonoScriptInfo (15ms)
			ResolveRequiredComponents (11ms)
	FinalizeReload (56146ms)
		ReleaseScriptCaches (0ms)
		RebuildScriptCaches (0ms)
		SetupLoadedEditorAssemblies (1343ms)
			LogAssemblyErrors (0ms)
			InitializePlatformSupportModulesInManaged (15ms)
			SetLoadedEditorAssemblies (9ms)
			RefreshPlugins (0ms)
			BeforeProcessingInitializeOnLoad (395ms)
			ProcessInitializeOnLoadAttributes (593ms)
			ProcessInitializeOnLoadMethodAttributes (232ms)
			AfterProcessingInitializeOnLoad (98ms)
			EditorAssembliesLoaded (0ms)
		ExecutionOrderSort2 (0ms)
		AwakeInstancesAfterBackupRestoration (69ms)
Refreshing native plugins compatible for Editor in 6.27 ms, found 3 plugins.
Preloading 0 native plugins for Editor in 0.00 ms.
Unloading 3132 Unused Serialized files (Serialized files now loaded: 0)
Unloading 14 unused Assets / (28.5 KB). Loaded Objects now: 3613.
Memory consumption went from 190.9 MB to 190.9 MB.
Total: 4.836700 ms (FindLiveObjects: 0.364000 ms CreateObjectMapping: 0.140800 ms MarkObjects: 4.262800 ms  DeleteObjects: 0.067800 ms)

Prepare: number of updated asset objects reloaded= 0
AssetImportParameters requested are different than current active one (requested -> active):
  custom:container-demuxer-ogg: 62fdf1f143b41e24485cea50d1cbac27 -> 
  custom:video-codec-MediaFoundation-h265: 746d11721c4dcdbdad8f713fa42b33f4 -> 
  custom:video-decoder-ogg-theora: a1e56fd34408186e4bbccfd4996cb3dc -> 
  custom:framework-win-MediaFoundation: 216162199b28c13a410421893ffa2e32 -> 
  custom:CustomObjectIndexerAttribute: 9a22284fe3817be447336de3de66b15e -> 
  custom:container-demuxer-webm: 4f35f7cbe854078d1ac9338744f61a02 -> 
  custom:container-muxer-webm: aa71ff27fc2769a1b78a27578f13a17b -> 
  custom:video-decoder-webm-vp8: 9c59270c3fd7afecdb556c50c9e8de78 -> 
  custom:SearchIndexIgnoredProperties: e643bd26f0fe6173181afceb89e7c659 -> 
  custom:AudioImporter_EditorPlatform: d09bf68614088b80899f8185d706f6e7 -> 
  custom:video-encoder-webm-vp8: eb34c28f22e8b96e1ab97ce403110664 -> 
  custom:audio-decoder-ogg-vorbis: bf7c407c2cedff20999df2af8eb42d56 -> 
  custom:audio-encoder-webm-vorbis: bf7c407c2cedff20999df2af8eb42d56 -> 
========================================================================
Received Prepare
Caller must complete domain reload
Begin MonoManager ReloadAssembly
- Loaded All Assemblies, in  0.740 seconds
Native extension for WindowsStandalone target not found
Mono: successfully reloaded assembly
- Finished resetting the current domain, in 10.457 seconds
Domain Reload Profiling: 11194ms
	BeginReloadAssembly (242ms)
		ExecutionOrderSort (0ms)
		DisableScriptedObjects (13ms)
		BackupInstance (0ms)
		ReleaseScriptingObjects (0ms)
		CreateAndSetChildDomain (49ms)
	RebuildCommonClasses (57ms)
	RebuildNativeTypeToScriptingClass (18ms)
	initialDomainReloadingComplete (59ms)
	LoadAllAssembliesAndSetupDomain (360ms)
		LoadAssemblies (432ms)
		RebuildTransferFunctionScriptingTraits (0ms)
		AnalyzeDomain (61ms)
			TypeCache.Refresh (12ms)
				TypeCache.ScanAssembly (0ms)
			ScanForSourceGeneratedMonoScriptInfo (0ms)
			ResolveRequiredComponents (38ms)
	FinalizeReload (10458ms)
		ReleaseScriptCaches (0ms)
		RebuildScriptCaches (0ms)
		SetupLoadedEditorAssemblies (2024ms)
			LogAssemblyErrors (0ms)
			InitializePlatformSupportModulesInManaged (49ms)
			SetLoadedEditorAssemblies (7ms)
			RefreshPlugins (0ms)
			BeforeProcessingInitializeOnLoad (542ms)
			ProcessInitializeOnLoadAttributes (1262ms)
			ProcessInitializeOnLoadMethodAttributes (135ms)
			AfterProcessingInitializeOnLoad (28ms)
			EditorAssembliesLoaded (1ms)
		ExecutionOrderSort2 (0ms)
		AwakeInstancesAfterBackupRestoration (16ms)
Refreshing native plugins compatible for Editor in 5.70 ms, found 3 plugins.
Preloading 0 native plugins for Editor in 0.00 ms.
Unloading 3133 Unused Serialized files (Serialized files now loaded: 0)
Unloading 14 unused Assets / (28.5 KB). Loaded Objects now: 3616.
Memory consumption went from 191.2 MB to 191.1 MB.
Total: 6.761600 ms (FindLiveObjects: 0.425800 ms CreateObjectMapping: 0.164100 ms MarkObjects: 6.085700 ms  DeleteObjects: 0.083300 ms)

Prepare: number of updated asset objects reloaded= 0
AssetImportParameters requested are different than current active one (requested -> active):
  custom:container-demuxer-ogg: 62fdf1f143b41e24485cea50d1cbac27 -> 
  custom:video-codec-MediaFoundation-h265: 746d11721c4dcdbdad8f713fa42b33f4 -> 
  custom:video-decoder-ogg-theora: a1e56fd34408186e4bbccfd4996cb3dc -> 
  custom:framework-win-MediaFoundation: 216162199b28c13a410421893ffa2e32 -> 
  custom:CustomObjectIndexerAttribute: 9a22284fe3817be447336de3de66b15e -> 
  custom:container-demuxer-webm: 4f35f7cbe854078d1ac9338744f61a02 -> 
  custom:container-muxer-webm: aa71ff27fc2769a1b78a27578f13a17b -> 
  custom:video-decoder-webm-vp8: 9c59270c3fd7afecdb556c50c9e8de78 -> 
  custom:SearchIndexIgnoredProperties: e643bd26f0fe6173181afceb89e7c659 -> 
  custom:AudioImporter_EditorPlatform: d09bf68614088b80899f8185d706f6e7 -> 
  custom:video-encoder-webm-vp8: eb34c28f22e8b96e1ab97ce403110664 -> 
  custom:audio-decoder-ogg-vorbis: bf7c407c2cedff20999df2af8eb42d56 -> 
  custom:audio-encoder-webm-vorbis: bf7c407c2cedff20999df2af8eb42d56 -> 
========================================================================
Received Prepare
Caller must complete domain reload
Begin MonoManager ReloadAssembly
- Loaded All Assemblies, in  0.880 seconds
Native extension for WindowsStandalone target not found
Mono: successfully reloaded assembly
- Finished resetting the current domain, in  2.244 seconds
Domain Reload Profiling: 3119ms
	BeginReloadAssembly (292ms)
		ExecutionOrderSort (0ms)
		DisableScriptedObjects (9ms)
		BackupInstance (0ms)
		ReleaseScriptingObjects (0ms)
		CreateAndSetChildDomain (50ms)
	RebuildCommonClasses (69ms)
	RebuildNativeTypeToScriptingClass (26ms)
	initialDomainReloadingComplete (62ms)
	LoadAllAssembliesAndSetupDomain (424ms)
		LoadAssemblies (540ms)
		RebuildTransferFunctionScriptingTraits (0ms)
		AnalyzeDomain (58ms)
			TypeCache.Refresh (14ms)
				TypeCache.ScanAssembly (0ms)
			ScanForSourceGeneratedMonoScriptInfo (28ms)
			ResolveRequiredComponents (14ms)
	FinalizeReload (2245ms)
		ReleaseScriptCaches (0ms)
		RebuildScriptCaches (0ms)
		SetupLoadedEditorAssemblies (666ms)
			LogAssemblyErrors (0ms)
			InitializePlatformSupportModulesInManaged (10ms)
			SetLoadedEditorAssemblies (6ms)
			RefreshPlugins (0ms)
			BeforeProcessingInitializeOnLoad (121ms)
			ProcessInitializeOnLoadAttributes (481ms)
			ProcessInitializeOnLoadMethodAttributes (37ms)
			AfterProcessingInitializeOnLoad (10ms)
			EditorAssembliesLoaded (0ms)
		ExecutionOrderSort2 (0ms)
		AwakeInstancesAfterBackupRestoration (9ms)
Refreshing native plugins compatible for Editor in 6.99 ms, found 3 plugins.
Preloading 0 native plugins for Editor in 0.00 ms.
Unloading 3133 Unused Serialized files (Serialized files now loaded: 0)
Unloading 14 unused Assets / (28.5 KB). Loaded Objects now: 3619.
Memory consumption went from 191.2 MB to 191.1 MB.
Total: 5.499800 ms (FindLiveObjects: 0.374800 ms CreateObjectMapping: 0.133700 ms MarkObjects: 4.922500 ms  DeleteObjects: 0.067400 ms)

Prepare: number of updated asset objects reloaded= 0
AssetImportParameters requested are different than current active one (requested -> active):
  custom:container-demuxer-ogg: 62fdf1f143b41e24485cea50d1cbac27 -> 
  custom:video-codec-MediaFoundation-h265: 746d11721c4dcdbdad8f713fa42b33f4 -> 
  custom:video-decoder-ogg-theora: a1e56fd34408186e4bbccfd4996cb3dc -> 
  custom:framework-win-MediaFoundation: 216162199b28c13a410421893ffa2e32 -> 
  custom:CustomObjectIndexerAttribute: 9a22284fe3817be447336de3de66b15e -> 
  custom:container-demuxer-webm: 4f35f7cbe854078d1ac9338744f61a02 -> 
  custom:container-muxer-webm: aa71ff27fc2769a1b78a27578f13a17b -> 
  custom:video-decoder-webm-vp8: 9c59270c3fd7afecdb556c50c9e8de78 -> 
  custom:SearchIndexIgnoredProperties: e643bd26f0fe6173181afceb89e7c659 -> 
  custom:AudioImporter_EditorPlatform: d09bf68614088b80899f8185d706f6e7 -> 
  custom:video-encoder-webm-vp8: eb34c28f22e8b96e1ab97ce403110664 -> 
  custom:audio-decoder-ogg-vorbis: bf7c407c2cedff20999df2af8eb42d56 -> 
  custom:audio-encoder-webm-vorbis: bf7c407c2cedff20999df2af8eb42d56 -> 
========================================================================
Received Prepare
Caller must complete domain reload
Begin MonoManager ReloadAssembly
- Loaded All Assemblies, in  1.299 seconds
Native extension for WindowsStandalone target not found
Mono: successfully reloaded assembly
- Finished resetting the current domain, in  6.303 seconds
Domain Reload Profiling: 7610ms
	BeginReloadAssembly (408ms)
		ExecutionOrderSort (0ms)
		DisableScriptedObjects (21ms)
		BackupInstance (0ms)
		ReleaseScriptingObjects (0ms)
		CreateAndSetChildDomain (71ms)
	RebuildCommonClasses (124ms)
	RebuildNativeTypeToScriptingClass (33ms)
	initialDomainReloadingComplete (102ms)
	LoadAllAssembliesAndSetupDomain (635ms)
		LoadAssemblies (799ms)
		RebuildTransferFunctionScriptingTraits (0ms)
		AnalyzeDomain (68ms)
			TypeCache.Refresh (36ms)
				TypeCache.ScanAssembly (0ms)
			ScanForSourceGeneratedMonoScriptInfo (0ms)
			ResolveRequiredComponents (26ms)
	FinalizeReload (6308ms)
		ReleaseScriptCaches (0ms)
		RebuildScriptCaches (0ms)
		SetupLoadedEditorAssemblies (2386ms)
			LogAssemblyErrors (0ms)
			InitializePlatformSupportModulesInManaged (25ms)
			SetLoadedEditorAssemblies (9ms)
			RefreshPlugins (0ms)
			BeforeProcessingInitializeOnLoad (367ms)
			ProcessInitializeOnLoadAttributes (1793ms)
			ProcessInitializeOnLoadMethodAttributes (157ms)
			AfterProcessingInitializeOnLoad (35ms)
			EditorAssembliesLoaded (1ms)
		ExecutionOrderSort2 (0ms)
		AwakeInstancesAfterBackupRestoration (101ms)
Refreshing native plugins compatible for Editor in 11.78 ms, found 3 plugins.
Preloading 0 native plugins for Editor in 0.00 ms.
Unloading 3133 Unused Serialized files (Serialized files now loaded: 0)
Unloading 14 unused Assets / (28.5 KB). Loaded Objects now: 3622.
Memory consumption went from 191.2 MB to 191.1 MB.
Total: 20.921000 ms (FindLiveObjects: 0.653300 ms CreateObjectMapping: 0.367700 ms MarkObjects: 19.012800 ms  DeleteObjects: 0.884200 ms)

Prepare: number of updated asset objects reloaded= 0
AssetImportParameters requested are different than current active one (requested -> active):
  custom:container-demuxer-ogg: 62fdf1f143b41e24485cea50d1cbac27 -> 
  custom:video-codec-MediaFoundation-h265: 746d11721c4dcdbdad8f713fa42b33f4 -> 
  custom:video-decoder-ogg-theora: a1e56fd34408186e4bbccfd4996cb3dc -> 
  custom:framework-win-MediaFoundation: 216162199b28c13a410421893ffa2e32 -> 
  custom:CustomObjectIndexerAttribute: 9a22284fe3817be447336de3de66b15e -> 
  custom:container-demuxer-webm: 4f35f7cbe854078d1ac9338744f61a02 -> 
  custom:container-muxer-webm: aa71ff27fc2769a1b78a27578f13a17b -> 
  custom:video-decoder-webm-vp8: 9c59270c3fd7afecdb556c50c9e8de78 -> 
  custom:SearchIndexIgnoredProperties: e643bd26f0fe6173181afceb89e7c659 -> 
  custom:AudioImporter_EditorPlatform: d09bf68614088b80899f8185d706f6e7 -> 
  custom:video-encoder-webm-vp8: eb34c28f22e8b96e1ab97ce403110664 -> 
  custom:audio-decoder-ogg-vorbis: bf7c407c2cedff20999df2af8eb42d56 -> 
  custom:audio-encoder-webm-vorbis: bf7c407c2cedff20999df2af8eb42d56 -> 
========================================================================
Received Prepare
Caller must complete domain reload
Begin MonoManager ReloadAssembly
- Loaded All Assemblies, in  1.376 seconds
Native extension for WindowsStandalone target not found
Mono: successfully reloaded assembly
- Finished resetting the current domain, in  7.663 seconds
Domain Reload Profiling: 9049ms
	BeginReloadAssembly (460ms)
		ExecutionOrderSort (0ms)
		DisableScriptedObjects (18ms)
		BackupInstance (0ms)
		ReleaseScriptingObjects (0ms)
		CreateAndSetChildDomain (82ms)
	RebuildCommonClasses (107ms)
	RebuildNativeTypeToScriptingClass (32ms)
	initialDomainReloadingComplete (100ms)
	LoadAllAssembliesAndSetupDomain (668ms)
		LoadAssemblies (880ms)
		RebuildTransferFunctionScriptingTraits (0ms)
		AnalyzeDomain (62ms)
			TypeCache.Refresh (12ms)
				TypeCache.ScanAssembly (0ms)
			ScanForSourceGeneratedMonoScriptInfo (0ms)
			ResolveRequiredComponents (45ms)
	FinalizeReload (7681ms)
		ReleaseScriptCaches (0ms)
		RebuildScriptCaches (0ms)
		SetupLoadedEditorAssemblies (3564ms)
			LogAssemblyErrors (0ms)
			InitializePlatformSupportModulesInManaged (50ms)
			SetLoadedEditorAssemblies (29ms)
			RefreshPlugins (0ms)
			BeforeProcessingInitializeOnLoad (356ms)
			ProcessInitializeOnLoadAttributes (2914ms)
			ProcessInitializeOnLoadMethodAttributes (184ms)
			AfterProcessingInitializeOnLoad (31ms)
			EditorAssembliesLoaded (0ms)
		ExecutionOrderSort2 (0ms)
		AwakeInstancesAfterBackupRestoration (52ms)
Refreshing native plugins compatible for Editor in 8.47 ms, found 3 plugins.
Preloading 0 native plugins for Editor in 0.00 ms.
Unloading 3133 Unused Serialized files (Serialized files now loaded: 0)
Unloading 14 unused Assets / (28.5 KB). Loaded Objects now: 3625.
Memory consumption went from 191.2 MB to 191.2 MB.
Total: 5.571300 ms (FindLiveObjects: 0.357500 ms CreateObjectMapping: 0.121700 ms MarkObjects: 5.026300 ms  DeleteObjects: 0.064500 ms)

Prepare: number of updated asset objects reloaded= 0
AssetImportParameters requested are different than current active one (requested -> active):
  custom:container-demuxer-ogg: 62fdf1f143b41e24485cea50d1cbac27 -> 
  custom:video-codec-MediaFoundation-h265: 746d11721c4dcdbdad8f713fa42b33f4 -> 
  custom:video-decoder-ogg-theora: a1e56fd34408186e4bbccfd4996cb3dc -> 
  custom:framework-win-MediaFoundation: 216162199b28c13a410421893ffa2e32 -> 
  custom:CustomObjectIndexerAttribute: 9a22284fe3817be447336de3de66b15e -> 
  custom:container-demuxer-webm: 4f35f7cbe854078d1ac9338744f61a02 -> 
  custom:container-muxer-webm: aa71ff27fc2769a1b78a27578f13a17b -> 
  custom:video-decoder-webm-vp8: 9c59270c3fd7afecdb556c50c9e8de78 -> 
  custom:SearchIndexIgnoredProperties: e643bd26f0fe6173181afceb89e7c659 -> 
  custom:AudioImporter_EditorPlatform: d09bf68614088b80899f8185d706f6e7 -> 
  custom:video-encoder-webm-vp8: eb34c28f22e8b96e1ab97ce403110664 -> 
  custom:audio-decoder-ogg-vorbis: bf7c407c2cedff20999df2af8eb42d56 -> 
  custom:audio-encoder-webm-vorbis: bf7c407c2cedff20999df2af8eb42d56 -> 
========================================================================
Received Prepare
Caller must complete domain reload
Begin MonoManager ReloadAssembly
- Loaded All Assemblies, in  1.456 seconds
Native extension for WindowsStandalone target not found
Mono: successfully reloaded assembly
- Finished resetting the current domain, in  7.181 seconds
Domain Reload Profiling: 8633ms
	BeginReloadAssembly (483ms)
		ExecutionOrderSort (0ms)
		DisableScriptedObjects (22ms)
		BackupInstance (0ms)
		ReleaseScriptingObjects (0ms)
		CreateAndSetChildDomain (83ms)
	RebuildCommonClasses (133ms)
	RebuildNativeTypeToScriptingClass (42ms)
	initialDomainReloadingComplete (97ms)
	LoadAllAssembliesAndSetupDomain (693ms)
		LoadAssemblies (940ms)
		RebuildTransferFunctionScriptingTraits (0ms)
		AnalyzeDomain (47ms)
			TypeCache.Refresh (26ms)
				TypeCache.ScanAssembly (0ms)
			ScanForSourceGeneratedMonoScriptInfo (1ms)
			ResolveRequiredComponents (16ms)
	FinalizeReload (7184ms)
		ReleaseScriptCaches (0ms)
		RebuildScriptCaches (0ms)
		SetupLoadedEditorAssemblies (3434ms)
			LogAssemblyErrors (0ms)
			InitializePlatformSupportModulesInManaged (47ms)
			SetLoadedEditorAssemblies (7ms)
			RefreshPlugins (0ms)
			BeforeProcessingInitializeOnLoad (635ms)
			ProcessInitializeOnLoadAttributes (2523ms)
			ProcessInitializeOnLoadMethodAttributes (206ms)
			AfterProcessingInitializeOnLoad (15ms)
			EditorAssembliesLoaded (0ms)
		ExecutionOrderSort2 (0ms)
		AwakeInstancesAfterBackupRestoration (47ms)
Refreshing native plugins compatible for Editor in 64.70 ms, found 3 plugins.
Preloading 0 native plugins for Editor in 0.00 ms.
Unloading 3133 Unused Serialized files (Serialized files now loaded: 0)
Unloading 14 unused Assets / (28.4 KB). Loaded Objects now: 3628.
Memory consumption went from 191.2 MB to 191.2 MB.
Total: 15.172700 ms (FindLiveObjects: 0.972100 ms CreateObjectMapping: 5.174200 ms MarkObjects: 8.937200 ms  DeleteObjects: 0.085900 ms)

Prepare: number of updated asset objects reloaded= 0
AssetImportParameters requested are different than current active one (requested -> active):
  custom:container-demuxer-ogg: 62fdf1f143b41e24485cea50d1cbac27 -> 
  custom:video-codec-MediaFoundation-h265: 746d11721c4dcdbdad8f713fa42b33f4 -> 
  custom:video-decoder-ogg-theora: a1e56fd34408186e4bbccfd4996cb3dc -> 
  custom:framework-win-MediaFoundation: 216162199b28c13a410421893ffa2e32 -> 
  custom:CustomObjectIndexerAttribute: 9a22284fe3817be447336de3de66b15e -> 
  custom:container-demuxer-webm: 4f35f7cbe854078d1ac9338744f61a02 -> 
  custom:container-muxer-webm: aa71ff27fc2769a1b78a27578f13a17b -> 
  custom:video-decoder-webm-vp8: 9c59270c3fd7afecdb556c50c9e8de78 -> 
  custom:SearchIndexIgnoredProperties: e643bd26f0fe6173181afceb89e7c659 -> 
  custom:AudioImporter_EditorPlatform: d09bf68614088b80899f8185d706f6e7 -> 
  custom:video-encoder-webm-vp8: eb34c28f22e8b96e1ab97ce403110664 -> 
  custom:audio-decoder-ogg-vorbis: bf7c407c2cedff20999df2af8eb42d56 -> 
  custom:audio-encoder-webm-vorbis: bf7c407c2cedff20999df2af8eb42d56 -> 
========================================================================
Received Prepare
Caller must complete domain reload
Begin MonoManager ReloadAssembly
- Loaded All Assemblies, in  1.012 seconds
Native extension for WindowsStandalone target not found
Mono: successfully reloaded assembly
- Finished resetting the current domain, in  2.064 seconds
Domain Reload Profiling: 3069ms
	BeginReloadAssembly (313ms)
		ExecutionOrderSort (0ms)
		DisableScriptedObjects (14ms)
		BackupInstance (0ms)
		ReleaseScriptingObjects (0ms)
		CreateAndSetChildDomain (67ms)
	RebuildCommonClasses (84ms)
	RebuildNativeTypeToScriptingClass (28ms)
	initialDomainReloadingComplete (135ms)
	LoadAllAssembliesAndSetupDomain (445ms)
		LoadAssemblies (568ms)
		RebuildTransferFunctionScriptingTraits (0ms)
		AnalyzeDomain (44ms)
			TypeCache.Refresh (16ms)
				TypeCache.ScanAssembly (1ms)
			ScanForSourceGeneratedMonoScriptInfo (14ms)
			ResolveRequiredComponents (11ms)
	FinalizeReload (2064ms)
		ReleaseScriptCaches (0ms)
		RebuildScriptCaches (0ms)
		SetupLoadedEditorAssemblies (775ms)
			LogAssemblyErrors (0ms)
			InitializePlatformSupportModulesInManaged (10ms)
			SetLoadedEditorAssemblies (7ms)
			RefreshPlugins (0ms)
			BeforeProcessingInitializeOnLoad (120ms)
			ProcessInitializeOnLoadAttributes (583ms)
			ProcessInitializeOnLoadMethodAttributes (44ms)
			AfterProcessingInitializeOnLoad (12ms)
			EditorAssembliesLoaded (0ms)
		ExecutionOrderSort2 (0ms)
		AwakeInstancesAfterBackupRestoration (11ms)
Refreshing native plugins compatible for Editor in 7.29 ms, found 3 plugins.
Preloading 0 native plugins for Editor in 0.00 ms.
Unloading 3180 Unused Serialized files (Serialized files now loaded: 0)
Unloading 27 unused Assets / (0.7 MB). Loaded Objects now: 3665.
Memory consumption went from 195.9 MB to 195.2 MB.
Total: 4.793700 ms (FindLiveObjects: 0.349700 ms CreateObjectMapping: 0.124400 ms MarkObjects: 3.788800 ms  DeleteObjects: 0.529300 ms)

Prepare: number of updated asset objects reloaded= 0
AssetImportParameters requested are different than current active one (requested -> active):
  custom:scripting/monoscript/fileName/SkewTextExample.cs: c142d02d70a129e0533975f7c2f96956 -> 
  custom:container-demuxer-ogg: 62fdf1f143b41e24485cea50d1cbac27 -> 
  custom:scripting/monoscript/fileName/TMP_TextEventHandler.cs: f5cd9d5a43bfefc8f4fec80e6de896a4 -> 
  custom:scripting/monoscript/fileName/TextMeshProFloatingText.cs: 92608fa4a6315cd0786d82205e77b697 -> 
  custom:scripting/monoscript/fileName/VertexZoom.cs: 650ab1e81d40126e3edcf737cce646e4 -> 
  custom:video-codec-MediaFoundation-h265: 746d11721c4dcdbdad8f713fa42b33f4 -> 
  custom:scripting/monoscript/fileName/VertexShakeA.cs: 63ec564c588058369499638dd899e05b -> 
  custom:scripting/monoscript/fileName/TMP_ExampleScript_01.cs: a9d4be556104ff54e7d240529b3e01dc -> 
  custom:video-decoder-ogg-theora: a1e56fd34408186e4bbccfd4996cb3dc -> 
  custom:scripting/monoscript/fileName/TMP_TextEventCheck.cs: 13505d917eab5868c435e0c2986dadfa -> 
  custom:scripting/monoscript/fileName/TMP_TextSelector_B.cs: ba2be21a7486d37b1011342977a2e49d -> 
  custom:scripting/monoscript/fileName/Benchmark01.cs: 2d3e2cd961730ab95f139a49a673bace -> 
  custom:framework-win-MediaFoundation: 216162199b28c13a410421893ffa2e32 -> 
  custom:scripting/monoscript/fileName/Benchmark02.cs: 5640963252ce70910e726415f869ced6 -> 
  custom:scripting/monoscript/fileName/DropdownSample.cs: 0a92251794e5f10400149f96c3c59e5d -> 
  custom:scripting/monoscript/fileName/WarpTextExample.cs: 2663459c266363641981c7d17b698d7f -> 
  custom:CustomObjectIndexerAttribute: 9a22284fe3817be447336de3de66b15e -> 
  custom:container-demuxer-webm: 4f35f7cbe854078d1ac9338744f61a02 -> 
  custom:scripting/monoscript/fileName/ChatController.cs: 876d5ccae6e345dd5d9450eb0a748f16 -> 
  custom:scripting/monoscript/fileName/TextMeshSpawner.cs: 76f28e2ddb031571e6ec62b018f65fa8 -> 
  custom:scripting/monoscript/fileName/TeleType.cs: 31fa97821c4c70f157ec81d507aa6b62 -> 
  custom:scripting/monoscript/fileName/Benchmark04.cs: 32220b148620e52aa81c13a114862bf4 -> 
  custom:container-muxer-webm: aa71ff27fc2769a1b78a27578f13a17b -> 
  custom:video-decoder-webm-vp8: 9c59270c3fd7afecdb556c50c9e8de78 -> 
  custom:scripting/monoscript/fileName/TMP_PhoneNumberValidator.cs: 7c3049f481e464c6a9a15dee56c3126f -> 
  custom:SearchIndexIgnoredProperties: e643bd26f0fe6173181afceb89e7c659 -> 
  custom:AudioImporter_EditorPlatform: d09bf68614088b80899f8185d706f6e7 -> 
  custom:scripting/monoscript/fileName/EnvMapAnimator.cs: 1b4f61c17e4b7283c3ac351aacff9d26 -> 
  custom:scripting/monoscript/fileName/ShaderPropAnimator.cs: 55ce425812446482e623ff2695c94cb2 -> 
  custom:scripting/monoscript/fileName/SimpleScript.cs: 454caab0c6c050f29b39d82e1d66d0fa -> 
  custom:scripting/monoscript/fileName/ObjectSpin.cs: 2b96bb2079dd7fa5108d981627a28e1e -> 
  custom:scripting/monoscript/fileName/CameraController.cs: 34b6be4e23ce86dc89786916c5983296 -> 
  custom:scripting/monoscript/fileName/TMP_TextInfoDebugTool.cs: 3f1709cfb2cc628169113a35b5e9be3f -> 
  custom:scripting/monoscript/fileName/TMP_TextSelector_A.cs: 347309a09d56e367b188a6978f75b424 -> 
  custom:video-encoder-webm-vp8: eb34c28f22e8b96e1ab97ce403110664 -> 
  custom:audio-decoder-ogg-vorbis: bf7c407c2cedff20999df2af8eb42d56 -> 
  custom:scripting/monoscript/fileName/VertexJitter.cs: d27eb5498e48714a66aece98da065133 -> 
  custom:scripting/monoscript/fileName/TextConsoleSimulator.cs: 33fc311abb20b5b0ed8f00e4d86b574e -> 
  custom:scripting/monoscript/fileName/VertexColorCycler.cs: 5f984ca91cf3609293aecc6bc5641572 -> 
  custom:scripting/monoscript/fileName/TMP_FrameRateCounter.cs: 46f655df8cb483ac5958307137b1585a -> 
  custom:scripting/monoscript/fileName/VertexShakeB.cs: a6f78c4fcda1a29a1a1c1baefedba9e7 -> 
  custom:scripting/monoscript/fileName/TMP_UiFrameRateCounter.cs: b01021aea19247f14a98ab338907956a -> 
  custom:scripting/monoscript/fileName/TMPro_InstructionOverlay.cs: b626d2270e6ebd5c4311585c18b58d8d -> 
  custom:scripting/monoscript/fileName/TMP_DigitValidator.cs: ac02af96215ae3951a3cce9e1a8c6085 -> 
  custom:audio-encoder-webm-vorbis: bf7c407c2cedff20999df2af8eb42d56 -> 
  custom:scripting/monoscript/fileName/Benchmark01_UGUI.cs: 6148cfe2627b7708298f301788144139 -> 
  custom:scripting/precompiled-assembly-types:Assembly-CSharp: f825853d409a0befafbc7d54a7e7aa5b -> c48c441790bd3f7ca89b9b3822d92937
  custom:scripting/monoscript/fileName/Benchmark03.cs: 17cc87e0529ac71d909a946afb47a274 -> 
========================================================================
Received Prepare
Caller must complete domain reload
Begin MonoManager ReloadAssembly
- Loaded All Assemblies, in  1.148 seconds
Native extension for WindowsStandalone target not found
Mono: successfully reloaded assembly
- Finished resetting the current domain, in  2.632 seconds
Domain Reload Profiling: 3773ms
	BeginReloadAssembly (364ms)
		ExecutionOrderSort (0ms)
		DisableScriptedObjects (12ms)
		BackupInstance (0ms)
		ReleaseScriptingObjects (0ms)
		CreateAndSetChildDomain (63ms)
	RebuildCommonClasses (138ms)
	RebuildNativeTypeToScriptingClass (29ms)
	initialDomainReloadingComplete (80ms)
	LoadAllAssembliesAndSetupDomain (530ms)
		LoadAssemblies (720ms)
		RebuildTransferFunctionScriptingTraits (0ms)
		AnalyzeDomain (47ms)
			TypeCache.Refresh (12ms)
				TypeCache.ScanAssembly (1ms)
			ScanForSourceGeneratedMonoScriptInfo (14ms)
			ResolveRequiredComponents (15ms)
	FinalizeReload (2633ms)
		ReleaseScriptCaches (0ms)
		RebuildScriptCaches (0ms)
		SetupLoadedEditorAssemblies (936ms)
			LogAssemblyErrors (0ms)
			InitializePlatformSupportModulesInManaged (10ms)
			SetLoadedEditorAssemblies (8ms)
			RefreshPlugins (0ms)
			BeforeProcessingInitializeOnLoad (100ms)
			ProcessInitializeOnLoadAttributes (712ms)
			ProcessInitializeOnLoadMethodAttributes (75ms)
			AfterProcessingInitializeOnLoad (32ms)
			EditorAssembliesLoaded (0ms)
		ExecutionOrderSort2 (0ms)
		AwakeInstancesAfterBackupRestoration (22ms)
Refreshing native plugins compatible for Editor in 12.57 ms, found 3 plugins.
Preloading 0 native plugins for Editor in 0.00 ms.
Unloading 3180 Unused Serialized files (Serialized files now loaded: 0)
Unloading 27 unused Assets / (0.7 MB). Loaded Objects now: 3668.
Memory consumption went from 195.9 MB to 195.2 MB.
Total: 10.266200 ms (FindLiveObjects: 0.795000 ms CreateObjectMapping: 0.594800 ms MarkObjects: 8.150400 ms  DeleteObjects: 0.723700 ms)

Prepare: number of updated asset objects reloaded= 0
AssetImportParameters requested are different than current active one (requested -> active):
  custom:scripting/monoscript/fileName/SkewTextExample.cs: c142d02d70a129e0533975f7c2f96956 -> 
  custom:container-demuxer-ogg: 62fdf1f143b41e24485cea50d1cbac27 -> 
  custom:scripting/monoscript/fileName/TMP_TextEventHandler.cs: f5cd9d5a43bfefc8f4fec80e6de896a4 -> 
  custom:scripting/monoscript/fileName/TextMeshProFloatingText.cs: 92608fa4a6315cd0786d82205e77b697 -> 
  custom:scripting/monoscript/fileName/VertexZoom.cs: 650ab1e81d40126e3edcf737cce646e4 -> 
  custom:video-codec-MediaFoundation-h265: 746d11721c4dcdbdad8f713fa42b33f4 -> 
  custom:scripting/monoscript/fileName/VertexShakeA.cs: 63ec564c588058369499638dd899e05b -> 
  custom:scripting/monoscript/fileName/TMP_ExampleScript_01.cs: a9d4be556104ff54e7d240529b3e01dc -> 
  custom:video-decoder-ogg-theora: a1e56fd34408186e4bbccfd4996cb3dc -> 
  custom:scripting/monoscript/fileName/TMP_TextEventCheck.cs: 13505d917eab5868c435e0c2986dadfa -> 
  custom:scripting/monoscript/fileName/TMP_TextSelector_B.cs: ba2be21a7486d37b1011342977a2e49d -> 
  custom:scripting/monoscript/fileName/Benchmark01.cs: 2d3e2cd961730ab95f139a49a673bace -> 
  custom:framework-win-MediaFoundation: 216162199b28c13a410421893ffa2e32 -> 
  custom:scripting/monoscript/fileName/Benchmark02.cs: 5640963252ce70910e726415f869ced6 -> 
  custom:scripting/monoscript/fileName/DropdownSample.cs: 0a92251794e5f10400149f96c3c59e5d -> 
  custom:scripting/monoscript/fileName/WarpTextExample.cs: 2663459c266363641981c7d17b698d7f -> 
  custom:CustomObjectIndexerAttribute: 9a22284fe3817be447336de3de66b15e -> 
  custom:container-demuxer-webm: 4f35f7cbe854078d1ac9338744f61a02 -> 
  custom:scripting/monoscript/fileName/ChatController.cs: 876d5ccae6e345dd5d9450eb0a748f16 -> 
  custom:scripting/monoscript/fileName/TextMeshSpawner.cs: 76f28e2ddb031571e6ec62b018f65fa8 -> 
  custom:scripting/monoscript/fileName/TeleType.cs: 31fa97821c4c70f157ec81d507aa6b62 -> 
  custom:scripting/monoscript/fileName/Benchmark04.cs: 32220b148620e52aa81c13a114862bf4 -> 
  custom:container-muxer-webm: aa71ff27fc2769a1b78a27578f13a17b -> 
  custom:video-decoder-webm-vp8: 9c59270c3fd7afecdb556c50c9e8de78 -> 
  custom:scripting/monoscript/fileName/TMP_PhoneNumberValidator.cs: 7c3049f481e464c6a9a15dee56c3126f -> 
  custom:SearchIndexIgnoredProperties: e643bd26f0fe6173181afceb89e7c659 -> 
  custom:AudioImporter_EditorPlatform: d09bf68614088b80899f8185d706f6e7 -> 
  custom:scripting/monoscript/fileName/EnvMapAnimator.cs: 1b4f61c17e4b7283c3ac351aacff9d26 -> 
  custom:scripting/monoscript/fileName/ShaderPropAnimator.cs: 55ce425812446482e623ff2695c94cb2 -> 
  custom:scripting/monoscript/fileName/SimpleScript.cs: 454caab0c6c050f29b39d82e1d66d0fa -> 
  custom:scripting/monoscript/fileName/ObjectSpin.cs: 2b96bb2079dd7fa5108d981627a28e1e -> 
  custom:scripting/monoscript/fileName/CameraController.cs: 34b6be4e23ce86dc89786916c5983296 -> 
  custom:scripting/monoscript/fileName/TMP_TextInfoDebugTool.cs: 3f1709cfb2cc628169113a35b5e9be3f -> 
  custom:scripting/monoscript/fileName/TMP_TextSelector_A.cs: 347309a09d56e367b188a6978f75b424 -> 
  custom:video-encoder-webm-vp8: eb34c28f22e8b96e1ab97ce403110664 -> 
  custom:audio-decoder-ogg-vorbis: bf7c407c2cedff20999df2af8eb42d56 -> 
  custom:scripting/monoscript/fileName/VertexJitter.cs: d27eb5498e48714a66aece98da065133 -> 
  custom:scripting/monoscript/fileName/TextConsoleSimulator.cs: 33fc311abb20b5b0ed8f00e4d86b574e -> 
  custom:scripting/monoscript/fileName/VertexColorCycler.cs: 5f984ca91cf3609293aecc6bc5641572 -> 
  custom:scripting/monoscript/fileName/TMP_FrameRateCounter.cs: 46f655df8cb483ac5958307137b1585a -> 
  custom:scripting/monoscript/fileName/VertexShakeB.cs: a6f78c4fcda1a29a1a1c1baefedba9e7 -> 
  custom:scripting/monoscript/fileName/TMP_UiFrameRateCounter.cs: b01021aea19247f14a98ab338907956a -> 
  custom:scripting/monoscript/fileName/TMPro_InstructionOverlay.cs: b626d2270e6ebd5c4311585c18b58d8d -> 
  custom:scripting/monoscript/fileName/TMP_DigitValidator.cs: ac02af96215ae3951a3cce9e1a8c6085 -> 
  custom:audio-encoder-webm-vorbis: bf7c407c2cedff20999df2af8eb42d56 -> 
  custom:scripting/monoscript/fileName/Benchmark01_UGUI.cs: 6148cfe2627b7708298f301788144139 -> 
  custom:scripting/precompiled-assembly-types:Assembly-CSharp: f825853d409a0befafbc7d54a7e7aa5b -> c48c441790bd3f7ca89b9b3822d92937
  custom:scripting/monoscript/fileName/Benchmark03.cs: 17cc87e0529ac71d909a946afb47a274 -> 
========================================================================
Received Prepare
Caller must complete domain reload
Begin MonoManager ReloadAssembly
- Loaded All Assemblies, in  0.815 seconds
Native extension for WindowsStandalone target not found
Mono: successfully reloaded assembly
- Finished resetting the current domain, in  2.428 seconds
Domain Reload Profiling: 3238ms
	BeginReloadAssembly (248ms)
		ExecutionOrderSort (0ms)
		DisableScriptedObjects (11ms)
		BackupInstance (0ms)
		ReleaseScriptingObjects (0ms)
		CreateAndSetChildDomain (60ms)
	RebuildCommonClasses (51ms)
	RebuildNativeTypeToScriptingClass (19ms)
	initialDomainReloadingComplete (52ms)
	LoadAllAssembliesAndSetupDomain (439ms)
		LoadAssemblies (525ms)
		RebuildTransferFunctionScriptingTraits (0ms)
		AnalyzeDomain (45ms)
			TypeCache.Refresh (18ms)
				TypeCache.ScanAssembly (4ms)
			ScanForSourceGeneratedMonoScriptInfo (16ms)
			ResolveRequiredComponents (9ms)
	FinalizeReload (2429ms)
		ReleaseScriptCaches (0ms)
		RebuildScriptCaches (0ms)
		SetupLoadedEditorAssemblies (634ms)
			LogAssemblyErrors (0ms)
			InitializePlatformSupportModulesInManaged (8ms)
			SetLoadedEditorAssemblies (7ms)
			RefreshPlugins (0ms)
			BeforeProcessingInitializeOnLoad (103ms)
			ProcessInitializeOnLoadAttributes (465ms)
			ProcessInitializeOnLoadMethodAttributes (37ms)
			AfterProcessingInitializeOnLoad (13ms)
			EditorAssembliesLoaded (0ms)
		ExecutionOrderSort2 (0ms)
		AwakeInstancesAfterBackupRestoration (12ms)
Refreshing native plugins compatible for Editor in 5.79 ms, found 3 plugins.
Preloading 0 native plugins for Editor in 0.00 ms.
Unloading 3180 Unused Serialized files (Serialized files now loaded: 0)
Unloading 27 unused Assets / (0.7 MB). Loaded Objects now: 3671.
Memory consumption went from 195.9 MB to 195.2 MB.
Total: 4.552500 ms (FindLiveObjects: 0.376400 ms CreateObjectMapping: 0.153300 ms MarkObjects: 3.480500 ms  DeleteObjects: 0.540300 ms)

Prepare: number of updated asset objects reloaded= 0
AssetImportParameters requested are different than current active one (requested -> active):
  custom:scripting/monoscript/fileName/SkewTextExample.cs: c142d02d70a129e0533975f7c2f96956 -> 
  custom:container-demuxer-ogg: 62fdf1f143b41e24485cea50d1cbac27 -> 
  custom:scripting/monoscript/fileName/TMP_TextEventHandler.cs: f5cd9d5a43bfefc8f4fec80e6de896a4 -> 
  custom:scripting/monoscript/fileName/TextMeshProFloatingText.cs: 92608fa4a6315cd0786d82205e77b697 -> 
  custom:scripting/monoscript/fileName/VertexZoom.cs: 650ab1e81d40126e3edcf737cce646e4 -> 
  custom:video-codec-MediaFoundation-h265: 746d11721c4dcdbdad8f713fa42b33f4 -> 
  custom:scripting/monoscript/fileName/VertexShakeA.cs: 63ec564c588058369499638dd899e05b -> 
  custom:scripting/monoscript/fileName/TMP_ExampleScript_01.cs: a9d4be556104ff54e7d240529b3e01dc -> 
  custom:video-decoder-ogg-theora: a1e56fd34408186e4bbccfd4996cb3dc -> 
  custom:scripting/monoscript/fileName/TMP_TextEventCheck.cs: 13505d917eab5868c435e0c2986dadfa -> 
  custom:scripting/monoscript/fileName/TMP_TextSelector_B.cs: ba2be21a7486d37b1011342977a2e49d -> 
  custom:scripting/monoscript/fileName/Benchmark01.cs: 2d3e2cd961730ab95f139a49a673bace -> 
  custom:framework-win-MediaFoundation: 216162199b28c13a410421893ffa2e32 -> 
  custom:scripting/monoscript/fileName/Benchmark02.cs: 5640963252ce70910e726415f869ced6 -> 
  custom:scripting/monoscript/fileName/DropdownSample.cs: 0a92251794e5f10400149f96c3c59e5d -> 
  custom:scripting/monoscript/fileName/WarpTextExample.cs: 2663459c266363641981c7d17b698d7f -> 
  custom:CustomObjectIndexerAttribute: 9a22284fe3817be447336de3de66b15e -> 
  custom:container-demuxer-webm: 4f35f7cbe854078d1ac9338744f61a02 -> 
  custom:scripting/monoscript/fileName/ChatController.cs: 876d5ccae6e345dd5d9450eb0a748f16 -> 
  custom:scripting/monoscript/fileName/TextMeshSpawner.cs: 76f28e2ddb031571e6ec62b018f65fa8 -> 
  custom:scripting/monoscript/fileName/TeleType.cs: 31fa97821c4c70f157ec81d507aa6b62 -> 
  custom:scripting/monoscript/fileName/Benchmark04.cs: 32220b148620e52aa81c13a114862bf4 -> 
  custom:container-muxer-webm: aa71ff27fc2769a1b78a27578f13a17b -> 
  custom:video-decoder-webm-vp8: 9c59270c3fd7afecdb556c50c9e8de78 -> 
  custom:scripting/monoscript/fileName/TMP_PhoneNumberValidator.cs: 7c3049f481e464c6a9a15dee56c3126f -> 
  custom:SearchIndexIgnoredProperties: e643bd26f0fe6173181afceb89e7c659 -> 
  custom:AudioImporter_EditorPlatform: d09bf68614088b80899f8185d706f6e7 -> 
  custom:scripting/monoscript/fileName/EnvMapAnimator.cs: 1b4f61c17e4b7283c3ac351aacff9d26 -> 
  custom:scripting/monoscript/fileName/ShaderPropAnimator.cs: 55ce425812446482e623ff2695c94cb2 -> 
  custom:scripting/monoscript/fileName/SimpleScript.cs: 454caab0c6c050f29b39d82e1d66d0fa -> 
  custom:scripting/monoscript/fileName/ObjectSpin.cs: 2b96bb2079dd7fa5108d981627a28e1e -> 
  custom:scripting/monoscript/fileName/CameraController.cs: 34b6be4e23ce86dc89786916c5983296 -> 
  custom:scripting/monoscript/fileName/TMP_TextInfoDebugTool.cs: 3f1709cfb2cc628169113a35b5e9be3f -> 
  custom:scripting/monoscript/fileName/TMP_TextSelector_A.cs: 347309a09d56e367b188a6978f75b424 -> 
  custom:video-encoder-webm-vp8: eb34c28f22e8b96e1ab97ce403110664 -> 
  custom:audio-decoder-ogg-vorbis: bf7c407c2cedff20999df2af8eb42d56 -> 
  custom:scripting/monoscript/fileName/VertexJitter.cs: d27eb5498e48714a66aece98da065133 -> 
  custom:scripting/monoscript/fileName/TextConsoleSimulator.cs: 33fc311abb20b5b0ed8f00e4d86b574e -> 
  custom:scripting/monoscript/fileName/VertexColorCycler.cs: 5f984ca91cf3609293aecc6bc5641572 -> 
  custom:scripting/monoscript/fileName/TMP_FrameRateCounter.cs: 46f655df8cb483ac5958307137b1585a -> 
  custom:scripting/monoscript/fileName/VertexShakeB.cs: a6f78c4fcda1a29a1a1c1baefedba9e7 -> 
  custom:scripting/monoscript/fileName/TMP_UiFrameRateCounter.cs: b01021aea19247f14a98ab338907956a -> 
  custom:scripting/monoscript/fileName/TMPro_InstructionOverlay.cs: b626d2270e6ebd5c4311585c18b58d8d -> 
  custom:scripting/monoscript/fileName/TMP_DigitValidator.cs: ac02af96215ae3951a3cce9e1a8c6085 -> 
  custom:audio-encoder-webm-vorbis: bf7c407c2cedff20999df2af8eb42d56 -> 
  custom:scripting/monoscript/fileName/Benchmark01_UGUI.cs: 6148cfe2627b7708298f301788144139 -> 
  custom:scripting/precompiled-assembly-types:Assembly-CSharp: f825853d409a0befafbc7d54a7e7aa5b -> c48c441790bd3f7ca89b9b3822d92937
  custom:scripting/monoscript/fileName/Benchmark03.cs: 17cc87e0529ac71d909a946afb47a274 -> 
========================================================================
Received Prepare
Caller must complete domain reload
Begin MonoManager ReloadAssembly
- Loaded All Assemblies, in  0.644 seconds
Native extension for WindowsStandalone target not found
Mono: successfully reloaded assembly
- Finished resetting the current domain, in  1.780 seconds
Domain Reload Profiling: 2421ms
	BeginReloadAssembly (231ms)
		ExecutionOrderSort (0ms)
		DisableScriptedObjects (8ms)
		BackupInstance (0ms)
		ReleaseScriptingObjects (0ms)
		CreateAndSetChildDomain (42ms)
	RebuildCommonClasses (58ms)
	RebuildNativeTypeToScriptingClass (18ms)
	initialDomainReloadingComplete (50ms)
	LoadAllAssembliesAndSetupDomain (283ms)
		LoadAssemblies (403ms)
		RebuildTransferFunctionScriptingTraits (0ms)
		AnalyzeDomain (17ms)
			TypeCache.Refresh (6ms)
				TypeCache.ScanAssembly (0ms)
			ScanForSourceGeneratedMonoScriptInfo (0ms)
			ResolveRequiredComponents (9ms)
	FinalizeReload (1782ms)
		ReleaseScriptCaches (0ms)
		RebuildScriptCaches (0ms)
		SetupLoadedEditorAssemblies (837ms)
			LogAssemblyErrors (0ms)
			InitializePlatformSupportModulesInManaged (11ms)
			SetLoadedEditorAssemblies (8ms)
			RefreshPlugins (0ms)
			BeforeProcessingInitializeOnLoad (133ms)
			ProcessInitializeOnLoadAttributes (617ms)
			ProcessInitializeOnLoadMethodAttributes (52ms)
			AfterProcessingInitializeOnLoad (15ms)
			EditorAssembliesLoaded (0ms)
		ExecutionOrderSort2 (0ms)
		AwakeInstancesAfterBackupRestoration (14ms)
Refreshing native plugins compatible for Editor in 7.68 ms, found 3 plugins.
Preloading 0 native plugins for Editor in 0.00 ms.
Unloading 3180 Unused Serialized files (Serialized files now loaded: 0)
Unloading 27 unused Assets / (0.7 MB). Loaded Objects now: 3674.
Memory consumption went from 195.9 MB to 195.2 MB.
Total: 9.627600 ms (FindLiveObjects: 1.706100 ms CreateObjectMapping: 0.506400 ms MarkObjects: 6.754100 ms  DeleteObjects: 0.658900 ms)

Prepare: number of updated asset objects reloaded= 0
AssetImportParameters requested are different than current active one (requested -> active):
  custom:scripting/monoscript/fileName/SkewTextExample.cs: c142d02d70a129e0533975f7c2f96956 -> 
  custom:container-demuxer-ogg: 62fdf1f143b41e24485cea50d1cbac27 -> 
  custom:scripting/monoscript/fileName/TMP_TextEventHandler.cs: f5cd9d5a43bfefc8f4fec80e6de896a4 -> 
  custom:scripting/monoscript/fileName/TextMeshProFloatingText.cs: 92608fa4a6315cd0786d82205e77b697 -> 
  custom:scripting/monoscript/fileName/VertexZoom.cs: 650ab1e81d40126e3edcf737cce646e4 -> 
  custom:video-codec-MediaFoundation-h265: 746d11721c4dcdbdad8f713fa42b33f4 -> 
  custom:scripting/monoscript/fileName/VertexShakeA.cs: 63ec564c588058369499638dd899e05b -> 
  custom:scripting/monoscript/fileName/TMP_ExampleScript_01.cs: a9d4be556104ff54e7d240529b3e01dc -> 
  custom:video-decoder-ogg-theora: a1e56fd34408186e4bbccfd4996cb3dc -> 
  custom:scripting/monoscript/fileName/TMP_TextEventCheck.cs: 13505d917eab5868c435e0c2986dadfa -> 
  custom:scripting/monoscript/fileName/TMP_TextSelector_B.cs: ba2be21a7486d37b1011342977a2e49d -> 
  custom:scripting/monoscript/fileName/Benchmark01.cs: 2d3e2cd961730ab95f139a49a673bace -> 
  custom:framework-win-MediaFoundation: 216162199b28c13a410421893ffa2e32 -> 
  custom:scripting/monoscript/fileName/Benchmark02.cs: 5640963252ce70910e726415f869ced6 -> 
  custom:scripting/monoscript/fileName/DropdownSample.cs: 0a92251794e5f10400149f96c3c59e5d -> 
  custom:scripting/monoscript/fileName/WarpTextExample.cs: 2663459c266363641981c7d17b698d7f -> 
  custom:CustomObjectIndexerAttribute: 9a22284fe3817be447336de3de66b15e -> 
  custom:container-demuxer-webm: 4f35f7cbe854078d1ac9338744f61a02 -> 
  custom:scripting/monoscript/fileName/ChatController.cs: 876d5ccae6e345dd5d9450eb0a748f16 -> 
  custom:scripting/monoscript/fileName/TextMeshSpawner.cs: 76f28e2ddb031571e6ec62b018f65fa8 -> 
  custom:scripting/monoscript/fileName/TeleType.cs: 31fa97821c4c70f157ec81d507aa6b62 -> 
  custom:scripting/monoscript/fileName/Benchmark04.cs: 32220b148620e52aa81c13a114862bf4 -> 
  custom:container-muxer-webm: aa71ff27fc2769a1b78a27578f13a17b -> 
  custom:video-decoder-webm-vp8: 9c59270c3fd7afecdb556c50c9e8de78 -> 
  custom:scripting/monoscript/fileName/TMP_PhoneNumberValidator.cs: 7c3049f481e464c6a9a15dee56c3126f -> 
  custom:SearchIndexIgnoredProperties: e643bd26f0fe6173181afceb89e7c659 -> 
  custom:AudioImporter_EditorPlatform: d09bf68614088b80899f8185d706f6e7 -> 
  custom:scripting/monoscript/fileName/EnvMapAnimator.cs: 1b4f61c17e4b7283c3ac351aacff9d26 -> 
  custom:scripting/monoscript/fileName/ShaderPropAnimator.cs: 55ce425812446482e623ff2695c94cb2 -> 
  custom:scripting/monoscript/fileName/SimpleScript.cs: 454caab0c6c050f29b39d82e1d66d0fa -> 
  custom:scripting/monoscript/fileName/ObjectSpin.cs: 2b96bb2079dd7fa5108d981627a28e1e -> 
  custom:scripting/monoscript/fileName/CameraController.cs: 34b6be4e23ce86dc89786916c5983296 -> 
  custom:scripting/monoscript/fileName/TMP_TextInfoDebugTool.cs: 3f1709cfb2cc628169113a35b5e9be3f -> 
  custom:scripting/monoscript/fileName/TMP_TextSelector_A.cs: 347309a09d56e367b188a6978f75b424 -> 
  custom:video-encoder-webm-vp8: eb34c28f22e8b96e1ab97ce403110664 -> 
  custom:audio-decoder-ogg-vorbis: bf7c407c2cedff20999df2af8eb42d56 -> 
  custom:scripting/monoscript/fileName/VertexJitter.cs: d27eb5498e48714a66aece98da065133 -> 
  custom:scripting/monoscript/fileName/TextConsoleSimulator.cs: 33fc311abb20b5b0ed8f00e4d86b574e -> 
  custom:scripting/monoscript/fileName/VertexColorCycler.cs: 5f984ca91cf3609293aecc6bc5641572 -> 
  custom:scripting/monoscript/fileName/TMP_FrameRateCounter.cs: 46f655df8cb483ac5958307137b1585a -> 
  custom:scripting/monoscript/fileName/VertexShakeB.cs: a6f78c4fcda1a29a1a1c1baefedba9e7 -> 
  custom:scripting/monoscript/fileName/TMP_UiFrameRateCounter.cs: b01021aea19247f14a98ab338907956a -> 
  custom:scripting/monoscript/fileName/TMPro_InstructionOverlay.cs: b626d2270e6ebd5c4311585c18b58d8d -> 
  custom:scripting/monoscript/fileName/TMP_DigitValidator.cs: ac02af96215ae3951a3cce9e1a8c6085 -> 
  custom:audio-encoder-webm-vorbis: bf7c407c2cedff20999df2af8eb42d56 -> 
  custom:scripting/monoscript/fileName/Benchmark01_UGUI.cs: 6148cfe2627b7708298f301788144139 -> 
  custom:scripting/precompiled-assembly-types:Assembly-CSharp: f825853d409a0befafbc7d54a7e7aa5b -> c48c441790bd3f7ca89b9b3822d92937
  custom:scripting/monoscript/fileName/Benchmark03.cs: 17cc87e0529ac71d909a946afb47a274 -> 
========================================================================
Received Prepare
Caller must complete domain reload
Begin MonoManager ReloadAssembly
- Loaded All Assemblies, in  0.658 seconds
Native extension for WindowsStandalone target not found
Mono: successfully reloaded assembly
- Finished resetting the current domain, in  2.041 seconds
Domain Reload Profiling: 2695ms
	BeginReloadAssembly (227ms)
		ExecutionOrderSort (0ms)
		DisableScriptedObjects (9ms)
		BackupInstance (0ms)
		ReleaseScriptingObjects (0ms)
		CreateAndSetChildDomain (44ms)
	RebuildCommonClasses (49ms)
	RebuildNativeTypeToScriptingClass (16ms)
	initialDomainReloadingComplete (47ms)
	LoadAllAssembliesAndSetupDomain (313ms)
		LoadAssemblies (411ms)
		RebuildTransferFunctionScriptingTraits (0ms)
		AnalyzeDomain (19ms)
			TypeCache.Refresh (6ms)
				TypeCache.ScanAssembly (0ms)
			ScanForSourceGeneratedMonoScriptInfo (0ms)
			ResolveRequiredComponents (11ms)
	FinalizeReload (2043ms)
		ReleaseScriptCaches (0ms)
		RebuildScriptCaches (0ms)
		SetupLoadedEditorAssemblies (1006ms)
			LogAssemblyErrors (0ms)
			InitializePlatformSupportModulesInManaged (14ms)
			SetLoadedEditorAssemblies (10ms)
			RefreshPlugins (0ms)
			BeforeProcessingInitializeOnLoad (158ms)
			ProcessInitializeOnLoadAttributes (762ms)
			ProcessInitializeOnLoadMethodAttributes (47ms)
			AfterProcessingInitializeOnLoad (15ms)
			EditorAssembliesLoaded (0ms)
		ExecutionOrderSort2 (0ms)
		AwakeInstancesAfterBackupRestoration (14ms)
Refreshing native plugins compatible for Editor in 8.38 ms, found 3 plugins.
Preloading 0 native plugins for Editor in 0.00 ms.
Unloading 3180 Unused Serialized files (Serialized files now loaded: 0)
Unloading 27 unused Assets / (0.7 MB). Loaded Objects now: 3677.
Memory consumption went from 195.9 MB to 195.2 MB.
Total: 6.915500 ms (FindLiveObjects: 0.442900 ms CreateObjectMapping: 0.262500 ms MarkObjects: 5.275400 ms  DeleteObjects: 0.933000 ms)

Prepare: number of updated asset objects reloaded= 0
AssetImportParameters requested are different than current active one (requested -> active):
  custom:scripting/monoscript/fileName/SkewTextExample.cs: c142d02d70a129e0533975f7c2f96956 -> 
  custom:container-demuxer-ogg: 62fdf1f143b41e24485cea50d1cbac27 -> 
  custom:scripting/monoscript/fileName/TMP_TextEventHandler.cs: f5cd9d5a43bfefc8f4fec80e6de896a4 -> 
  custom:scripting/monoscript/fileName/TextMeshProFloatingText.cs: 92608fa4a6315cd0786d82205e77b697 -> 
  custom:scripting/monoscript/fileName/VertexZoom.cs: 650ab1e81d40126e3edcf737cce646e4 -> 
  custom:video-codec-MediaFoundation-h265: 746d11721c4dcdbdad8f713fa42b33f4 -> 
  custom:scripting/monoscript/fileName/VertexShakeA.cs: 63ec564c588058369499638dd899e05b -> 
  custom:scripting/monoscript/fileName/TMP_ExampleScript_01.cs: a9d4be556104ff54e7d240529b3e01dc -> 
  custom:video-decoder-ogg-theora: a1e56fd34408186e4bbccfd4996cb3dc -> 
  custom:scripting/monoscript/fileName/TMP_TextEventCheck.cs: 13505d917eab5868c435e0c2986dadfa -> 
  custom:scripting/monoscript/fileName/TMP_TextSelector_B.cs: ba2be21a7486d37b1011342977a2e49d -> 
  custom:scripting/monoscript/fileName/Benchmark01.cs: 2d3e2cd961730ab95f139a49a673bace -> 
  custom:framework-win-MediaFoundation: 216162199b28c13a410421893ffa2e32 -> 
  custom:scripting/monoscript/fileName/Benchmark02.cs: 5640963252ce70910e726415f869ced6 -> 
  custom:scripting/monoscript/fileName/DropdownSample.cs: 0a92251794e5f10400149f96c3c59e5d -> 
  custom:scripting/monoscript/fileName/WarpTextExample.cs: 2663459c266363641981c7d17b698d7f -> 
  custom:CustomObjectIndexerAttribute: 9a22284fe3817be447336de3de66b15e -> 
  custom:container-demuxer-webm: 4f35f7cbe854078d1ac9338744f61a02 -> 
  custom:scripting/monoscript/fileName/ChatController.cs: 876d5ccae6e345dd5d9450eb0a748f16 -> 
  custom:scripting/monoscript/fileName/TextMeshSpawner.cs: 76f28e2ddb031571e6ec62b018f65fa8 -> 
  custom:scripting/monoscript/fileName/TeleType.cs: 31fa97821c4c70f157ec81d507aa6b62 -> 
  custom:scripting/monoscript/fileName/Benchmark04.cs: 32220b148620e52aa81c13a114862bf4 -> 
  custom:container-muxer-webm: aa71ff27fc2769a1b78a27578f13a17b -> 
  custom:video-decoder-webm-vp8: 9c59270c3fd7afecdb556c50c9e8de78 -> 
  custom:scripting/monoscript/fileName/TMP_PhoneNumberValidator.cs: 7c3049f481e464c6a9a15dee56c3126f -> 
  custom:SearchIndexIgnoredProperties: e643bd26f0fe6173181afceb89e7c659 -> 
  custom:AudioImporter_EditorPlatform: d09bf68614088b80899f8185d706f6e7 -> 
  custom:scripting/monoscript/fileName/EnvMapAnimator.cs: 1b4f61c17e4b7283c3ac351aacff9d26 -> 
  custom:scripting/monoscript/fileName/ShaderPropAnimator.cs: 55ce425812446482e623ff2695c94cb2 -> 
  custom:scripting/monoscript/fileName/SimpleScript.cs: 454caab0c6c050f29b39d82e1d66d0fa -> 
  custom:scripting/monoscript/fileName/ObjectSpin.cs: 2b96bb2079dd7fa5108d981627a28e1e -> 
  custom:scripting/monoscript/fileName/CameraController.cs: 34b6be4e23ce86dc89786916c5983296 -> 
  custom:scripting/monoscript/fileName/TMP_TextInfoDebugTool.cs: 3f1709cfb2cc628169113a35b5e9be3f -> 
  custom:scripting/monoscript/fileName/TMP_TextSelector_A.cs: 347309a09d56e367b188a6978f75b424 -> 
  custom:video-encoder-webm-vp8: eb34c28f22e8b96e1ab97ce403110664 -> 
  custom:audio-decoder-ogg-vorbis: bf7c407c2cedff20999df2af8eb42d56 -> 
  custom:scripting/monoscript/fileName/VertexJitter.cs: d27eb5498e48714a66aece98da065133 -> 
  custom:scripting/monoscript/fileName/TextConsoleSimulator.cs: 33fc311abb20b5b0ed8f00e4d86b574e -> 
  custom:scripting/monoscript/fileName/VertexColorCycler.cs: 5f984ca91cf3609293aecc6bc5641572 -> 
  custom:scripting/monoscript/fileName/TMP_FrameRateCounter.cs: 46f655df8cb483ac5958307137b1585a -> 
  custom:scripting/monoscript/fileName/VertexShakeB.cs: a6f78c4fcda1a29a1a1c1baefedba9e7 -> 
  custom:scripting/monoscript/fileName/TMP_UiFrameRateCounter.cs: b01021aea19247f14a98ab338907956a -> 
  custom:scripting/monoscript/fileName/TMPro_InstructionOverlay.cs: b626d2270e6ebd5c4311585c18b58d8d -> 
  custom:scripting/monoscript/fileName/TMP_DigitValidator.cs: ac02af96215ae3951a3cce9e1a8c6085 -> 
  custom:audio-encoder-webm-vorbis: bf7c407c2cedff20999df2af8eb42d56 -> 
  custom:scripting/monoscript/fileName/Benchmark01_UGUI.cs: 6148cfe2627b7708298f301788144139 -> 
  custom:scripting/precompiled-assembly-types:Assembly-CSharp: f825853d409a0befafbc7d54a7e7aa5b -> c48c441790bd3f7ca89b9b3822d92937
  custom:scripting/monoscript/fileName/Benchmark03.cs: 17cc87e0529ac71d909a946afb47a274 -> 
========================================================================
Received Prepare
Caller must complete domain reload
Begin MonoManager ReloadAssembly
- Loaded All Assemblies, in  0.714 seconds
Native extension for WindowsStandalone target not found
Mono: successfully reloaded assembly
- Finished resetting the current domain, in  2.120 seconds
Domain Reload Profiling: 2830ms
	BeginReloadAssembly (237ms)
		ExecutionOrderSort (0ms)
		DisableScriptedObjects (10ms)
		BackupInstance (0ms)
		ReleaseScriptingObjects (0ms)
		CreateAndSetChildDomain (45ms)
	RebuildCommonClasses (64ms)
	RebuildNativeTypeToScriptingClass (16ms)
	initialDomainReloadingComplete (56ms)
	LoadAllAssembliesAndSetupDomain (337ms)
		LoadAssemblies (433ms)
		RebuildTransferFunctionScriptingTraits (0ms)
		AnalyzeDomain (35ms)
			TypeCache.Refresh (12ms)
				TypeCache.ScanAssembly (2ms)
			ScanForSourceGeneratedMonoScriptInfo (11ms)
			ResolveRequiredComponents (9ms)
	FinalizeReload (2121ms)
		ReleaseScriptCaches (0ms)
		RebuildScriptCaches (0ms)
		SetupLoadedEditorAssemblies (1053ms)
			LogAssemblyErrors (0ms)
			InitializePlatformSupportModulesInManaged (15ms)
			SetLoadedEditorAssemblies (12ms)
			RefreshPlugins (0ms)
			BeforeProcessingInitializeOnLoad (149ms)
			ProcessInitializeOnLoadAttributes (794ms)
			ProcessInitializeOnLoadMethodAttributes (64ms)
			AfterProcessingInitializeOnLoad (18ms)
			EditorAssembliesLoaded (0ms)
		ExecutionOrderSort2 (0ms)
		AwakeInstancesAfterBackupRestoration (17ms)
Refreshing native plugins compatible for Editor in 10.96 ms, found 3 plugins.
Preloading 0 native plugins for Editor in 0.00 ms.
Unloading 3180 Unused Serialized files (Serialized files now loaded: 0)
Unloading 27 unused Assets / (0.7 MB). Loaded Objects now: 3680.
Memory consumption went from 195.9 MB to 195.2 MB.
Total: 9.443800 ms (FindLiveObjects: 0.579100 ms CreateObjectMapping: 0.318100 ms MarkObjects: 7.431200 ms  DeleteObjects: 1.112800 ms)

Prepare: number of updated asset objects reloaded= 0
AssetImportParameters requested are different than current active one (requested -> active):
  custom:scripting/monoscript/fileName/SkewTextExample.cs: c142d02d70a129e0533975f7c2f96956 -> 
  custom:container-demuxer-ogg: 62fdf1f143b41e24485cea50d1cbac27 -> 
  custom:scripting/monoscript/fileName/TMP_TextEventHandler.cs: f5cd9d5a43bfefc8f4fec80e6de896a4 -> 
  custom:scripting/monoscript/fileName/TextMeshProFloatingText.cs: 92608fa4a6315cd0786d82205e77b697 -> 
  custom:scripting/monoscript/fileName/VertexZoom.cs: 650ab1e81d40126e3edcf737cce646e4 -> 
  custom:video-codec-MediaFoundation-h265: 746d11721c4dcdbdad8f713fa42b33f4 -> 
  custom:scripting/monoscript/fileName/VertexShakeA.cs: 63ec564c588058369499638dd899e05b -> 
  custom:scripting/monoscript/fileName/TMP_ExampleScript_01.cs: a9d4be556104ff54e7d240529b3e01dc -> 
  custom:video-decoder-ogg-theora: a1e56fd34408186e4bbccfd4996cb3dc -> 
  custom:scripting/monoscript/fileName/TMP_TextEventCheck.cs: 13505d917eab5868c435e0c2986dadfa -> 
  custom:scripting/monoscript/fileName/TMP_TextSelector_B.cs: ba2be21a7486d37b1011342977a2e49d -> 
  custom:scripting/monoscript/fileName/Benchmark01.cs: 2d3e2cd961730ab95f139a49a673bace -> 
  custom:framework-win-MediaFoundation: 216162199b28c13a410421893ffa2e32 -> 
  custom:scripting/monoscript/fileName/Benchmark02.cs: 5640963252ce70910e726415f869ced6 -> 
  custom:scripting/monoscript/fileName/DropdownSample.cs: 0a92251794e5f10400149f96c3c59e5d -> 
  custom:scripting/monoscript/fileName/WarpTextExample.cs: 2663459c266363641981c7d17b698d7f -> 
  custom:CustomObjectIndexerAttribute: 9a22284fe3817be447336de3de66b15e -> 
  custom:container-demuxer-webm: 4f35f7cbe854078d1ac9338744f61a02 -> 
  custom:scripting/monoscript/fileName/ChatController.cs: 876d5ccae6e345dd5d9450eb0a748f16 -> 
  custom:scripting/monoscript/fileName/TextMeshSpawner.cs: 76f28e2ddb031571e6ec62b018f65fa8 -> 
  custom:scripting/monoscript/fileName/TeleType.cs: 31fa97821c4c70f157ec81d507aa6b62 -> 
  custom:scripting/monoscript/fileName/Benchmark04.cs: 32220b148620e52aa81c13a114862bf4 -> 
  custom:container-muxer-webm: aa71ff27fc2769a1b78a27578f13a17b -> 
  custom:video-decoder-webm-vp8: 9c59270c3fd7afecdb556c50c9e8de78 -> 
  custom:scripting/monoscript/fileName/TMP_PhoneNumberValidator.cs: 7c3049f481e464c6a9a15dee56c3126f -> 
  custom:SearchIndexIgnoredProperties: e643bd26f0fe6173181afceb89e7c659 -> 
  custom:AudioImporter_EditorPlatform: d09bf68614088b80899f8185d706f6e7 -> 
  custom:scripting/monoscript/fileName/EnvMapAnimator.cs: 1b4f61c17e4b7283c3ac351aacff9d26 -> 
  custom:scripting/monoscript/fileName/ShaderPropAnimator.cs: 55ce425812446482e623ff2695c94cb2 -> 
  custom:scripting/monoscript/fileName/SimpleScript.cs: 454caab0c6c050f29b39d82e1d66d0fa -> 
  custom:scripting/monoscript/fileName/ObjectSpin.cs: 2b96bb2079dd7fa5108d981627a28e1e -> 
  custom:scripting/monoscript/fileName/CameraController.cs: 34b6be4e23ce86dc89786916c5983296 -> 
  custom:scripting/monoscript/fileName/TMP_TextInfoDebugTool.cs: 3f1709cfb2cc628169113a35b5e9be3f -> 
  custom:scripting/monoscript/fileName/TMP_TextSelector_A.cs: 347309a09d56e367b188a6978f75b424 -> 
  custom:video-encoder-webm-vp8: eb34c28f22e8b96e1ab97ce403110664 -> 
  custom:audio-decoder-ogg-vorbis: bf7c407c2cedff20999df2af8eb42d56 -> 
  custom:scripting/monoscript/fileName/VertexJitter.cs: d27eb5498e48714a66aece98da065133 -> 
  custom:scripting/monoscript/fileName/TextConsoleSimulator.cs: 33fc311abb20b5b0ed8f00e4d86b574e -> 
  custom:scripting/monoscript/fileName/VertexColorCycler.cs: 5f984ca91cf3609293aecc6bc5641572 -> 
  custom:scripting/monoscript/fileName/TMP_FrameRateCounter.cs: 46f655df8cb483ac5958307137b1585a -> 
  custom:scripting/monoscript/fileName/VertexShakeB.cs: a6f78c4fcda1a29a1a1c1baefedba9e7 -> 
  custom:scripting/monoscript/fileName/TMP_UiFrameRateCounter.cs: b01021aea19247f14a98ab338907956a -> 
  custom:scripting/monoscript/fileName/TMPro_InstructionOverlay.cs: b626d2270e6ebd5c4311585c18b58d8d -> 
  custom:scripting/monoscript/fileName/TMP_DigitValidator.cs: ac02af96215ae3951a3cce9e1a8c6085 -> 
  custom:audio-encoder-webm-vorbis: bf7c407c2cedff20999df2af8eb42d56 -> 
  custom:scripting/monoscript/fileName/Benchmark01_UGUI.cs: 6148cfe2627b7708298f301788144139 -> 
  custom:scripting/precompiled-assembly-types:Assembly-CSharp: f825853d409a0befafbc7d54a7e7aa5b -> c48c441790bd3f7ca89b9b3822d92937
  custom:scripting/monoscript/fileName/Benchmark03.cs: 17cc87e0529ac71d909a946afb47a274 -> 
========================================================================
Received Prepare
Caller must complete domain reload
Begin MonoManager ReloadAssembly
- Loaded All Assemblies, in  0.723 seconds
Native extension for WindowsStandalone target not found
Mono: successfully reloaded assembly
- Finished resetting the current domain, in  2.101 seconds
Domain Reload Profiling: 2821ms
	BeginReloadAssembly (238ms)
		ExecutionOrderSort (0ms)
		DisableScriptedObjects (10ms)
		BackupInstance (0ms)
		ReleaseScriptingObjects (0ms)
		CreateAndSetChildDomain (45ms)
	RebuildCommonClasses (62ms)
	RebuildNativeTypeToScriptingClass (19ms)
	initialDomainReloadingComplete (56ms)
	LoadAllAssembliesAndSetupDomain (345ms)
		LoadAssemblies (438ms)
		RebuildTransferFunctionScriptingTraits (0ms)
		AnalyzeDomain (45ms)
			TypeCache.Refresh (14ms)
				TypeCache.ScanAssembly (1ms)
			ScanForSourceGeneratedMonoScriptInfo (13ms)
			ResolveRequiredComponents (16ms)
	FinalizeReload (2102ms)
		ReleaseScriptCaches (0ms)
		RebuildScriptCaches (0ms)
		SetupLoadedEditorAssemblies (1008ms)
			LogAssemblyErrors (0ms)
			InitializePlatformSupportModulesInManaged (30ms)
			SetLoadedEditorAssemblies (16ms)
			RefreshPlugins (0ms)
			BeforeProcessingInitializeOnLoad (153ms)
			ProcessInitializeOnLoadAttributes (736ms)
			ProcessInitializeOnLoadMethodAttributes (57ms)
			AfterProcessingInitializeOnLoad (16ms)
			EditorAssembliesLoaded (0ms)
		ExecutionOrderSort2 (0ms)
		AwakeInstancesAfterBackupRestoration (17ms)
Refreshing native plugins compatible for Editor in 8.54 ms, found 3 plugins.
Preloading 0 native plugins for Editor in 0.00 ms.
Unloading 3180 Unused Serialized files (Serialized files now loaded: 0)
Unloading 27 unused Assets / (0.7 MB). Loaded Objects now: 3683.
Memory consumption went from 195.9 MB to 195.2 MB.
Total: 6.828800 ms (FindLiveObjects: 0.613700 ms CreateObjectMapping: 0.154100 ms MarkObjects: 5.206300 ms  DeleteObjects: 0.852200 ms)

Prepare: number of updated asset objects reloaded= 0
AssetImportParameters requested are different than current active one (requested -> active):
  custom:scripting/monoscript/fileName/SkewTextExample.cs: c142d02d70a129e0533975f7c2f96956 -> 
  custom:container-demuxer-ogg: 62fdf1f143b41e24485cea50d1cbac27 -> 
  custom:scripting/monoscript/fileName/TMP_TextEventHandler.cs: f5cd9d5a43bfefc8f4fec80e6de896a4 -> 
  custom:scripting/monoscript/fileName/TextMeshProFloatingText.cs: 92608fa4a6315cd0786d82205e77b697 -> 
  custom:scripting/monoscript/fileName/VertexZoom.cs: 650ab1e81d40126e3edcf737cce646e4 -> 
  custom:video-codec-MediaFoundation-h265: 746d11721c4dcdbdad8f713fa42b33f4 -> 
  custom:scripting/monoscript/fileName/VertexShakeA.cs: 63ec564c588058369499638dd899e05b -> 
  custom:scripting/monoscript/fileName/TMP_ExampleScript_01.cs: a9d4be556104ff54e7d240529b3e01dc -> 
  custom:video-decoder-ogg-theora: a1e56fd34408186e4bbccfd4996cb3dc -> 
  custom:scripting/monoscript/fileName/TMP_TextEventCheck.cs: 13505d917eab5868c435e0c2986dadfa -> 
  custom:scripting/monoscript/fileName/TMP_TextSelector_B.cs: ba2be21a7486d37b1011342977a2e49d -> 
  custom:scripting/monoscript/fileName/Benchmark01.cs: 2d3e2cd961730ab95f139a49a673bace -> 
  custom:framework-win-MediaFoundation: 216162199b28c13a410421893ffa2e32 -> 
  custom:scripting/monoscript/fileName/Benchmark02.cs: 5640963252ce70910e726415f869ced6 -> 
  custom:scripting/monoscript/fileName/DropdownSample.cs: 0a92251794e5f10400149f96c3c59e5d -> 
  custom:scripting/monoscript/fileName/WarpTextExample.cs: 2663459c266363641981c7d17b698d7f -> 
  custom:CustomObjectIndexerAttribute: 9a22284fe3817be447336de3de66b15e -> 
  custom:container-demuxer-webm: 4f35f7cbe854078d1ac9338744f61a02 -> 
  custom:scripting/monoscript/fileName/ChatController.cs: 876d5ccae6e345dd5d9450eb0a748f16 -> 
  custom:scripting/monoscript/fileName/TextMeshSpawner.cs: 76f28e2ddb031571e6ec62b018f65fa8 -> 
  custom:scripting/monoscript/fileName/TeleType.cs: 31fa97821c4c70f157ec81d507aa6b62 -> 
  custom:scripting/monoscript/fileName/Benchmark04.cs: 32220b148620e52aa81c13a114862bf4 -> 
  custom:container-muxer-webm: aa71ff27fc2769a1b78a27578f13a17b -> 
  custom:video-decoder-webm-vp8: 9c59270c3fd7afecdb556c50c9e8de78 -> 
  custom:scripting/monoscript/fileName/TMP_PhoneNumberValidator.cs: 7c3049f481e464c6a9a15dee56c3126f -> 
  custom:SearchIndexIgnoredProperties: e643bd26f0fe6173181afceb89e7c659 -> 
  custom:AudioImporter_EditorPlatform: d09bf68614088b80899f8185d706f6e7 -> 
  custom:scripting/monoscript/fileName/EnvMapAnimator.cs: 1b4f61c17e4b7283c3ac351aacff9d26 -> 
  custom:scripting/monoscript/fileName/ShaderPropAnimator.cs: 55ce425812446482e623ff2695c94cb2 -> 
  custom:scripting/monoscript/fileName/SimpleScript.cs: 454caab0c6c050f29b39d82e1d66d0fa -> 
  custom:scripting/monoscript/fileName/ObjectSpin.cs: 2b96bb2079dd7fa5108d981627a28e1e -> 
  custom:scripting/monoscript/fileName/CameraController.cs: 34b6be4e23ce86dc89786916c5983296 -> 
  custom:scripting/monoscript/fileName/TMP_TextInfoDebugTool.cs: 3f1709cfb2cc628169113a35b5e9be3f -> 
  custom:scripting/monoscript/fileName/TMP_TextSelector_A.cs: 347309a09d56e367b188a6978f75b424 -> 
  custom:video-encoder-webm-vp8: eb34c28f22e8b96e1ab97ce403110664 -> 
  custom:audio-decoder-ogg-vorbis: bf7c407c2cedff20999df2af8eb42d56 -> 
  custom:scripting/monoscript/fileName/VertexJitter.cs: d27eb5498e48714a66aece98da065133 -> 
  custom:scripting/monoscript/fileName/TextConsoleSimulator.cs: 33fc311abb20b5b0ed8f00e4d86b574e -> 
  custom:scripting/monoscript/fileName/VertexColorCycler.cs: 5f984ca91cf3609293aecc6bc5641572 -> 
  custom:scripting/monoscript/fileName/TMP_FrameRateCounter.cs: 46f655df8cb483ac5958307137b1585a -> 
  custom:scripting/monoscript/fileName/VertexShakeB.cs: a6f78c4fcda1a29a1a1c1baefedba9e7 -> 
  custom:scripting/monoscript/fileName/TMP_UiFrameRateCounter.cs: b01021aea19247f14a98ab338907956a -> 
  custom:scripting/monoscript/fileName/TMPro_InstructionOverlay.cs: b626d2270e6ebd5c4311585c18b58d8d -> 
  custom:scripting/monoscript/fileName/TMP_DigitValidator.cs: ac02af96215ae3951a3cce9e1a8c6085 -> 
  custom:audio-encoder-webm-vorbis: bf7c407c2cedff20999df2af8eb42d56 -> 
  custom:scripting/monoscript/fileName/Benchmark01_UGUI.cs: 6148cfe2627b7708298f301788144139 -> 
  custom:scripting/precompiled-assembly-types:Assembly-CSharp: f825853d409a0befafbc7d54a7e7aa5b -> c48c441790bd3f7ca89b9b3822d92937
  custom:scripting/monoscript/fileName/Benchmark03.cs: 17cc87e0529ac71d909a946afb47a274 -> 
========================================================================
Received Prepare
Caller must complete domain reload
Begin MonoManager ReloadAssembly
- Loaded All Assemblies, in  0.694 seconds
Native extension for WindowsStandalone target not found
Mono: successfully reloaded assembly
- Finished resetting the current domain, in  1.431 seconds
Domain Reload Profiling: 2119ms
	BeginReloadAssembly (242ms)
		ExecutionOrderSort (0ms)
		DisableScriptedObjects (9ms)
		BackupInstance (0ms)
		ReleaseScriptingObjects (0ms)
		CreateAndSetChildDomain (46ms)
	RebuildCommonClasses (64ms)
	RebuildNativeTypeToScriptingClass (20ms)
	initialDomainReloadingComplete (53ms)
	LoadAllAssembliesAndSetupDomain (308ms)
		LoadAssemblies (411ms)
		RebuildTransferFunctionScriptingTraits (0ms)
		AnalyzeDomain (33ms)
			TypeCache.Refresh (10ms)
				TypeCache.ScanAssembly (1ms)
			ScanForSourceGeneratedMonoScriptInfo (10ms)
			ResolveRequiredComponents (10ms)
	FinalizeReload (1432ms)
		ReleaseScriptCaches (0ms)
		RebuildScriptCaches (0ms)
		SetupLoadedEditorAssemblies (590ms)
			LogAssemblyErrors (0ms)
			InitializePlatformSupportModulesInManaged (12ms)
			SetLoadedEditorAssemblies (9ms)
			RefreshPlugins (0ms)
			BeforeProcessingInitializeOnLoad (101ms)
			ProcessInitializeOnLoadAttributes (425ms)
			ProcessInitializeOnLoadMethodAttributes (33ms)
			AfterProcessingInitializeOnLoad (10ms)
			EditorAssembliesLoaded (0ms)
		ExecutionOrderSort2 (0ms)
		AwakeInstancesAfterBackupRestoration (10ms)
Refreshing native plugins compatible for Editor in 5.15 ms, found 3 plugins.
Preloading 0 native plugins for Editor in 0.00 ms.
Unloading 3180 Unused Serialized files (Serialized files now loaded: 0)
Unloading 27 unused Assets / (0.7 MB). Loaded Objects now: 3686.
Memory consumption went from 195.9 MB to 195.2 MB.
Total: 4.205200 ms (FindLiveObjects: 0.399500 ms CreateObjectMapping: 0.155600 ms MarkObjects: 3.171700 ms  DeleteObjects: 0.476600 ms)

Prepare: number of updated asset objects reloaded= 0
AssetImportParameters requested are different than current active one (requested -> active):
  custom:scripting/monoscript/fileName/SkewTextExample.cs: c142d02d70a129e0533975f7c2f96956 -> 
  custom:container-demuxer-ogg: 62fdf1f143b41e24485cea50d1cbac27 -> 
  custom:scripting/monoscript/fileName/TMP_TextEventHandler.cs: f5cd9d5a43bfefc8f4fec80e6de896a4 -> 
  custom:scripting/monoscript/fileName/TextMeshProFloatingText.cs: 92608fa4a6315cd0786d82205e77b697 -> 
  custom:scripting/monoscript/fileName/VertexZoom.cs: 650ab1e81d40126e3edcf737cce646e4 -> 
  custom:video-codec-MediaFoundation-h265: 746d11721c4dcdbdad8f713fa42b33f4 -> 
  custom:scripting/monoscript/fileName/VertexShakeA.cs: 63ec564c588058369499638dd899e05b -> 
  custom:scripting/monoscript/fileName/TMP_ExampleScript_01.cs: a9d4be556104ff54e7d240529b3e01dc -> 
  custom:video-decoder-ogg-theora: a1e56fd34408186e4bbccfd4996cb3dc -> 
  custom:scripting/monoscript/fileName/TMP_TextEventCheck.cs: 13505d917eab5868c435e0c2986dadfa -> 
  custom:scripting/monoscript/fileName/TMP_TextSelector_B.cs: ba2be21a7486d37b1011342977a2e49d -> 
  custom:scripting/monoscript/fileName/Benchmark01.cs: 2d3e2cd961730ab95f139a49a673bace -> 
  custom:framework-win-MediaFoundation: 216162199b28c13a410421893ffa2e32 -> 
  custom:scripting/monoscript/fileName/Benchmark02.cs: 5640963252ce70910e726415f869ced6 -> 
  custom:scripting/monoscript/fileName/DropdownSample.cs: 0a92251794e5f10400149f96c3c59e5d -> 
  custom:scripting/monoscript/fileName/WarpTextExample.cs: 2663459c266363641981c7d17b698d7f -> 
  custom:CustomObjectIndexerAttribute: 9a22284fe3817be447336de3de66b15e -> 
  custom:container-demuxer-webm: 4f35f7cbe854078d1ac9338744f61a02 -> 
  custom:scripting/monoscript/fileName/ChatController.cs: 876d5ccae6e345dd5d9450eb0a748f16 -> 
  custom:scripting/monoscript/fileName/TextMeshSpawner.cs: 76f28e2ddb031571e6ec62b018f65fa8 -> 
  custom:scripting/monoscript/fileName/TeleType.cs: 31fa97821c4c70f157ec81d507aa6b62 -> 
  custom:scripting/monoscript/fileName/Benchmark04.cs: 32220b148620e52aa81c13a114862bf4 -> 
  custom:container-muxer-webm: aa71ff27fc2769a1b78a27578f13a17b -> 
  custom:video-decoder-webm-vp8: 9c59270c3fd7afecdb556c50c9e8de78 -> 
  custom:scripting/monoscript/fileName/TMP_PhoneNumberValidator.cs: 7c3049f481e464c6a9a15dee56c3126f -> 
  custom:SearchIndexIgnoredProperties: e643bd26f0fe6173181afceb89e7c659 -> 
  custom:AudioImporter_EditorPlatform: d09bf68614088b80899f8185d706f6e7 -> 
  custom:scripting/monoscript/fileName/EnvMapAnimator.cs: 1b4f61c17e4b7283c3ac351aacff9d26 -> 
  custom:scripting/monoscript/fileName/ShaderPropAnimator.cs: 55ce425812446482e623ff2695c94cb2 -> 
  custom:scripting/monoscript/fileName/SimpleScript.cs: 454caab0c6c050f29b39d82e1d66d0fa -> 
  custom:scripting/monoscript/fileName/ObjectSpin.cs: 2b96bb2079dd7fa5108d981627a28e1e -> 
  custom:scripting/monoscript/fileName/CameraController.cs: 34b6be4e23ce86dc89786916c5983296 -> 
  custom:scripting/monoscript/fileName/TMP_TextInfoDebugTool.cs: 3f1709cfb2cc628169113a35b5e9be3f -> 
  custom:scripting/monoscript/fileName/TMP_TextSelector_A.cs: 347309a09d56e367b188a6978f75b424 -> 
  custom:video-encoder-webm-vp8: eb34c28f22e8b96e1ab97ce403110664 -> 
  custom:audio-decoder-ogg-vorbis: bf7c407c2cedff20999df2af8eb42d56 -> 
  custom:scripting/monoscript/fileName/VertexJitter.cs: d27eb5498e48714a66aece98da065133 -> 
  custom:scripting/monoscript/fileName/TextConsoleSimulator.cs: 33fc311abb20b5b0ed8f00e4d86b574e -> 
  custom:scripting/monoscript/fileName/VertexColorCycler.cs: 5f984ca91cf3609293aecc6bc5641572 -> 
  custom:scripting/monoscript/fileName/TMP_FrameRateCounter.cs: 46f655df8cb483ac5958307137b1585a -> 
  custom:scripting/monoscript/fileName/VertexShakeB.cs: a6f78c4fcda1a29a1a1c1baefedba9e7 -> 
  custom:scripting/monoscript/fileName/TMP_UiFrameRateCounter.cs: b01021aea19247f14a98ab338907956a -> 
  custom:scripting/monoscript/fileName/TMPro_InstructionOverlay.cs: b626d2270e6ebd5c4311585c18b58d8d -> 
  custom:scripting/monoscript/fileName/TMP_DigitValidator.cs: ac02af96215ae3951a3cce9e1a8c6085 -> 
  custom:audio-encoder-webm-vorbis: bf7c407c2cedff20999df2af8eb42d56 -> 
  custom:scripting/monoscript/fileName/Benchmark01_UGUI.cs: 6148cfe2627b7708298f301788144139 -> 
  custom:scripting/precompiled-assembly-types:Assembly-CSharp: f825853d409a0befafbc7d54a7e7aa5b -> c48c441790bd3f7ca89b9b3822d92937
  custom:scripting/monoscript/fileName/Benchmark03.cs: 17cc87e0529ac71d909a946afb47a274 -> 
========================================================================
Received Prepare
Caller must complete domain reload
Begin MonoManager ReloadAssembly
- Loaded All Assemblies, in  0.645 seconds
Native extension for WindowsStandalone target not found
Mono: successfully reloaded assembly
- Finished resetting the current domain, in  1.798 seconds
Domain Reload Profiling: 2440ms
	BeginReloadAssembly (229ms)
		ExecutionOrderSort (0ms)
		DisableScriptedObjects (9ms)
		BackupInstance (0ms)
		ReleaseScriptingObjects (0ms)
		CreateAndSetChildDomain (46ms)
	RebuildCommonClasses (59ms)
	RebuildNativeTypeToScriptingClass (22ms)
	initialDomainReloadingComplete (51ms)
	LoadAllAssembliesAndSetupDomain (281ms)
		LoadAssemblies (392ms)
		RebuildTransferFunctionScriptingTraits (0ms)
		AnalyzeDomain (24ms)
			TypeCache.Refresh (9ms)
				TypeCache.ScanAssembly (0ms)
			ScanForSourceGeneratedMonoScriptInfo (0ms)
			ResolveRequiredComponents (12ms)
	FinalizeReload (1799ms)
		ReleaseScriptCaches (0ms)
		RebuildScriptCaches (0ms)
		SetupLoadedEditorAssemblies (910ms)
			LogAssemblyErrors (0ms)
			InitializePlatformSupportModulesInManaged (12ms)
			SetLoadedEditorAssemblies (8ms)
			RefreshPlugins (0ms)
			BeforeProcessingInitializeOnLoad (135ms)
			ProcessInitializeOnLoadAttributes (690ms)
			ProcessInitializeOnLoadMethodAttributes (47ms)
			AfterProcessingInitializeOnLoad (17ms)
			EditorAssembliesLoaded (0ms)
		ExecutionOrderSort2 (0ms)
		AwakeInstancesAfterBackupRestoration (16ms)
Refreshing native plugins compatible for Editor in 8.34 ms, found 3 plugins.
Preloading 0 native plugins for Editor in 0.00 ms.
Unloading 3180 Unused Serialized files (Serialized files now loaded: 0)
Unloading 27 unused Assets / (0.7 MB). Loaded Objects now: 3689.
Memory consumption went from 195.9 MB to 195.2 MB.
Total: 7.360300 ms (FindLiveObjects: 0.663300 ms CreateObjectMapping: 0.163100 ms MarkObjects: 5.660600 ms  DeleteObjects: 0.871100 ms)

Prepare: number of updated asset objects reloaded= 0
AssetImportParameters requested are different than current active one (requested -> active):
  custom:scripting/monoscript/fileName/SkewTextExample.cs: c142d02d70a129e0533975f7c2f96956 -> 
  custom:container-demuxer-ogg: 62fdf1f143b41e24485cea50d1cbac27 -> 
  custom:scripting/monoscript/fileName/TMP_TextEventHandler.cs: f5cd9d5a43bfefc8f4fec80e6de896a4 -> 
  custom:scripting/monoscript/fileName/TextMeshProFloatingText.cs: 92608fa4a6315cd0786d82205e77b697 -> 
  custom:scripting/monoscript/fileName/VertexZoom.cs: 650ab1e81d40126e3edcf737cce646e4 -> 
  custom:video-codec-MediaFoundation-h265: 746d11721c4dcdbdad8f713fa42b33f4 -> 
  custom:scripting/monoscript/fileName/VertexShakeA.cs: 63ec564c588058369499638dd899e05b -> 
  custom:scripting/monoscript/fileName/TMP_ExampleScript_01.cs: a9d4be556104ff54e7d240529b3e01dc -> 
  custom:video-decoder-ogg-theora: a1e56fd34408186e4bbccfd4996cb3dc -> 
  custom:scripting/monoscript/fileName/TMP_TextEventCheck.cs: 13505d917eab5868c435e0c2986dadfa -> 
  custom:scripting/monoscript/fileName/TMP_TextSelector_B.cs: ba2be21a7486d37b1011342977a2e49d -> 
  custom:scripting/monoscript/fileName/Benchmark01.cs: 2d3e2cd961730ab95f139a49a673bace -> 
  custom:framework-win-MediaFoundation: 216162199b28c13a410421893ffa2e32 -> 
  custom:scripting/monoscript/fileName/Benchmark02.cs: 5640963252ce70910e726415f869ced6 -> 
  custom:scripting/monoscript/fileName/DropdownSample.cs: 0a92251794e5f10400149f96c3c59e5d -> 
  custom:scripting/monoscript/fileName/WarpTextExample.cs: 2663459c266363641981c7d17b698d7f -> 
  custom:CustomObjectIndexerAttribute: 9a22284fe3817be447336de3de66b15e -> 
  custom:container-demuxer-webm: 4f35f7cbe854078d1ac9338744f61a02 -> 
  custom:scripting/monoscript/fileName/ChatController.cs: 876d5ccae6e345dd5d9450eb0a748f16 -> 
  custom:scripting/monoscript/fileName/TextMeshSpawner.cs: 76f28e2ddb031571e6ec62b018f65fa8 -> 
  custom:scripting/monoscript/fileName/TeleType.cs: 31fa97821c4c70f157ec81d507aa6b62 -> 
  custom:scripting/monoscript/fileName/Benchmark04.cs: 32220b148620e52aa81c13a114862bf4 -> 
  custom:container-muxer-webm: aa71ff27fc2769a1b78a27578f13a17b -> 
  custom:video-decoder-webm-vp8: 9c59270c3fd7afecdb556c50c9e8de78 -> 
  custom:scripting/monoscript/fileName/TMP_PhoneNumberValidator.cs: 7c3049f481e464c6a9a15dee56c3126f -> 
  custom:SearchIndexIgnoredProperties: e643bd26f0fe6173181afceb89e7c659 -> 
  custom:AudioImporter_EditorPlatform: d09bf68614088b80899f8185d706f6e7 -> 
  custom:scripting/monoscript/fileName/EnvMapAnimator.cs: 1b4f61c17e4b7283c3ac351aacff9d26 -> 
  custom:scripting/monoscript/fileName/ShaderPropAnimator.cs: 55ce425812446482e623ff2695c94cb2 -> 
  custom:scripting/monoscript/fileName/SimpleScript.cs: 454caab0c6c050f29b39d82e1d66d0fa -> 
  custom:scripting/monoscript/fileName/ObjectSpin.cs: 2b96bb2079dd7fa5108d981627a28e1e -> 
  custom:scripting/monoscript/fileName/CameraController.cs: 34b6be4e23ce86dc89786916c5983296 -> 
  custom:scripting/monoscript/fileName/TMP_TextInfoDebugTool.cs: 3f1709cfb2cc628169113a35b5e9be3f -> 
  custom:scripting/monoscript/fileName/TMP_TextSelector_A.cs: 347309a09d56e367b188a6978f75b424 -> 
  custom:video-encoder-webm-vp8: eb34c28f22e8b96e1ab97ce403110664 -> 
  custom:audio-decoder-ogg-vorbis: bf7c407c2cedff20999df2af8eb42d56 -> 
  custom:scripting/monoscript/fileName/VertexJitter.cs: d27eb5498e48714a66aece98da065133 -> 
  custom:scripting/monoscript/fileName/TextConsoleSimulator.cs: 33fc311abb20b5b0ed8f00e4d86b574e -> 
  custom:scripting/monoscript/fileName/VertexColorCycler.cs: 5f984ca91cf3609293aecc6bc5641572 -> 
  custom:scripting/monoscript/fileName/TMP_FrameRateCounter.cs: 46f655df8cb483ac5958307137b1585a -> 
  custom:scripting/monoscript/fileName/VertexShakeB.cs: a6f78c4fcda1a29a1a1c1baefedba9e7 -> 
  custom:scripting/monoscript/fileName/TMP_UiFrameRateCounter.cs: b01021aea19247f14a98ab338907956a -> 
  custom:scripting/monoscript/fileName/TMPro_InstructionOverlay.cs: b626d2270e6ebd5c4311585c18b58d8d -> 
  custom:scripting/monoscript/fileName/TMP_DigitValidator.cs: ac02af96215ae3951a3cce9e1a8c6085 -> 
  custom:audio-encoder-webm-vorbis: bf7c407c2cedff20999df2af8eb42d56 -> 
  custom:scripting/monoscript/fileName/Benchmark01_UGUI.cs: 6148cfe2627b7708298f301788144139 -> 
  custom:scripting/precompiled-assembly-types:Assembly-CSharp: f825853d409a0befafbc7d54a7e7aa5b -> c48c441790bd3f7ca89b9b3822d92937
  custom:scripting/monoscript/fileName/Benchmark03.cs: 17cc87e0529ac71d909a946afb47a274 -> 
========================================================================
Received Prepare
Caller must complete domain reload
Begin MonoManager ReloadAssembly
- Loaded All Assemblies, in  0.810 seconds
Native extension for WindowsStandalone target not found
Mono: successfully reloaded assembly
- Finished resetting the current domain, in  2.229 seconds
Domain Reload Profiling: 3034ms
	BeginReloadAssembly (320ms)
		ExecutionOrderSort (0ms)
		DisableScriptedObjects (12ms)
		BackupInstance (0ms)
		ReleaseScriptingObjects (0ms)
		CreateAndSetChildDomain (54ms)
	RebuildCommonClasses (76ms)
	RebuildNativeTypeToScriptingClass (24ms)
	initialDomainReloadingComplete (52ms)
	LoadAllAssembliesAndSetupDomain (332ms)
		LoadAssemblies (479ms)
		RebuildTransferFunctionScriptingTraits (0ms)
		AnalyzeDomain (38ms)
			TypeCache.Refresh (11ms)
				TypeCache.ScanAssembly (1ms)
			ScanForSourceGeneratedMonoScriptInfo (13ms)
			ResolveRequiredComponents (10ms)
	FinalizeReload (2230ms)
		ReleaseScriptCaches (0ms)
		RebuildScriptCaches (0ms)
		SetupLoadedEditorAssemblies (1251ms)
			LogAssemblyErrors (0ms)
			InitializePlatformSupportModulesInManaged (14ms)
			SetLoadedEditorAssemblies (9ms)
			RefreshPlugins (0ms)
			BeforeProcessingInitializeOnLoad (267ms)
			ProcessInitializeOnLoadAttributes (894ms)
			ProcessInitializeOnLoadMethodAttributes (51ms)
			AfterProcessingInitializeOnLoad (15ms)
			EditorAssembliesLoaded (0ms)
		ExecutionOrderSort2 (0ms)
		AwakeInstancesAfterBackupRestoration (14ms)
Refreshing native plugins compatible for Editor in 10.75 ms, found 3 plugins.
Preloading 0 native plugins for Editor in 0.00 ms.
Unloading 3180 Unused Serialized files (Serialized files now loaded: 0)
Unloading 27 unused Assets / (0.7 MB). Loaded Objects now: 3692.
Memory consumption went from 195.9 MB to 195.2 MB.
Total: 6.600000 ms (FindLiveObjects: 0.497900 ms CreateObjectMapping: 0.188000 ms MarkObjects: 5.027900 ms  DeleteObjects: 0.884100 ms)

Prepare: number of updated asset objects reloaded= 0
AssetImportParameters requested are different than current active one (requested -> active):
  custom:scripting/monoscript/fileName/SkewTextExample.cs: c142d02d70a129e0533975f7c2f96956 -> 
  custom:container-demuxer-ogg: 62fdf1f143b41e24485cea50d1cbac27 -> 
  custom:scripting/monoscript/fileName/TMP_TextEventHandler.cs: f5cd9d5a43bfefc8f4fec80e6de896a4 -> 
  custom:scripting/monoscript/fileName/TextMeshProFloatingText.cs: 92608fa4a6315cd0786d82205e77b697 -> 
  custom:scripting/monoscript/fileName/VertexZoom.cs: 650ab1e81d40126e3edcf737cce646e4 -> 
  custom:video-codec-MediaFoundation-h265: 746d11721c4dcdbdad8f713fa42b33f4 -> 
  custom:scripting/monoscript/fileName/VertexShakeA.cs: 63ec564c588058369499638dd899e05b -> 
  custom:scripting/monoscript/fileName/TMP_ExampleScript_01.cs: a9d4be556104ff54e7d240529b3e01dc -> 
  custom:video-decoder-ogg-theora: a1e56fd34408186e4bbccfd4996cb3dc -> 
  custom:scripting/monoscript/fileName/TMP_TextEventCheck.cs: 13505d917eab5868c435e0c2986dadfa -> 
  custom:scripting/monoscript/fileName/TMP_TextSelector_B.cs: ba2be21a7486d37b1011342977a2e49d -> 
  custom:scripting/monoscript/fileName/Benchmark01.cs: 2d3e2cd961730ab95f139a49a673bace -> 
  custom:framework-win-MediaFoundation: 216162199b28c13a410421893ffa2e32 -> 
  custom:scripting/monoscript/fileName/Benchmark02.cs: 5640963252ce70910e726415f869ced6 -> 
  custom:scripting/monoscript/fileName/DropdownSample.cs: 0a92251794e5f10400149f96c3c59e5d -> 
  custom:scripting/monoscript/fileName/WarpTextExample.cs: 2663459c266363641981c7d17b698d7f -> 
  custom:CustomObjectIndexerAttribute: 9a22284fe3817be447336de3de66b15e -> 
  custom:container-demuxer-webm: 4f35f7cbe854078d1ac9338744f61a02 -> 
  custom:scripting/monoscript/fileName/ChatController.cs: 876d5ccae6e345dd5d9450eb0a748f16 -> 
  custom:scripting/monoscript/fileName/TextMeshSpawner.cs: 76f28e2ddb031571e6ec62b018f65fa8 -> 
  custom:scripting/monoscript/fileName/TeleType.cs: 31fa97821c4c70f157ec81d507aa6b62 -> 
  custom:scripting/monoscript/fileName/Benchmark04.cs: 32220b148620e52aa81c13a114862bf4 -> 
  custom:container-muxer-webm: aa71ff27fc2769a1b78a27578f13a17b -> 
  custom:video-decoder-webm-vp8: 9c59270c3fd7afecdb556c50c9e8de78 -> 
  custom:scripting/monoscript/fileName/TMP_PhoneNumberValidator.cs: 7c3049f481e464c6a9a15dee56c3126f -> 
  custom:SearchIndexIgnoredProperties: e643bd26f0fe6173181afceb89e7c659 -> 
  custom:AudioImporter_EditorPlatform: d09bf68614088b80899f8185d706f6e7 -> 
  custom:scripting/monoscript/fileName/EnvMapAnimator.cs: 1b4f61c17e4b7283c3ac351aacff9d26 -> 
  custom:scripting/monoscript/fileName/ShaderPropAnimator.cs: 55ce425812446482e623ff2695c94cb2 -> 
  custom:scripting/monoscript/fileName/SimpleScript.cs: 454caab0c6c050f29b39d82e1d66d0fa -> 
  custom:scripting/monoscript/fileName/ObjectSpin.cs: 2b96bb2079dd7fa5108d981627a28e1e -> 
  custom:scripting/monoscript/fileName/CameraController.cs: 34b6be4e23ce86dc89786916c5983296 -> 
  custom:scripting/monoscript/fileName/TMP_TextInfoDebugTool.cs: 3f1709cfb2cc628169113a35b5e9be3f -> 
  custom:scripting/monoscript/fileName/TMP_TextSelector_A.cs: 347309a09d56e367b188a6978f75b424 -> 
  custom:video-encoder-webm-vp8: eb34c28f22e8b96e1ab97ce403110664 -> 
  custom:audio-decoder-ogg-vorbis: bf7c407c2cedff20999df2af8eb42d56 -> 
  custom:scripting/monoscript/fileName/VertexJitter.cs: d27eb5498e48714a66aece98da065133 -> 
  custom:scripting/monoscript/fileName/TextConsoleSimulator.cs: 33fc311abb20b5b0ed8f00e4d86b574e -> 
  custom:scripting/monoscript/fileName/VertexColorCycler.cs: 5f984ca91cf3609293aecc6bc5641572 -> 
  custom:scripting/monoscript/fileName/TMP_FrameRateCounter.cs: 46f655df8cb483ac5958307137b1585a -> 
  custom:scripting/monoscript/fileName/VertexShakeB.cs: a6f78c4fcda1a29a1a1c1baefedba9e7 -> 
  custom:scripting/monoscript/fileName/TMP_UiFrameRateCounter.cs: b01021aea19247f14a98ab338907956a -> 
  custom:scripting/monoscript/fileName/TMPro_InstructionOverlay.cs: b626d2270e6ebd5c4311585c18b58d8d -> 
  custom:scripting/monoscript/fileName/TMP_DigitValidator.cs: ac02af96215ae3951a3cce9e1a8c6085 -> 
  custom:audio-encoder-webm-vorbis: bf7c407c2cedff20999df2af8eb42d56 -> 
  custom:scripting/monoscript/fileName/Benchmark01_UGUI.cs: 6148cfe2627b7708298f301788144139 -> 
  custom:scripting/precompiled-assembly-types:Assembly-CSharp: f825853d409a0befafbc7d54a7e7aa5b -> c48c441790bd3f7ca89b9b3822d92937
  custom:scripting/monoscript/fileName/Benchmark03.cs: 17cc87e0529ac71d909a946afb47a274 -> 
========================================================================
Received Prepare
Caller must complete domain reload
Begin MonoManager ReloadAssembly
- Loaded All Assemblies, in  0.639 seconds
Native extension for WindowsStandalone target not found
Mono: successfully reloaded assembly
- Finished resetting the current domain, in  1.821 seconds
Domain Reload Profiling: 2457ms
	BeginReloadAssembly (225ms)
		ExecutionOrderSort (0ms)
		DisableScriptedObjects (8ms)
		BackupInstance (0ms)
		ReleaseScriptingObjects (0ms)
		CreateAndSetChildDomain (39ms)
	RebuildCommonClasses (62ms)
	RebuildNativeTypeToScriptingClass (17ms)
	initialDomainReloadingComplete (40ms)
	LoadAllAssembliesAndSetupDomain (290ms)
		LoadAssemblies (397ms)
		RebuildTransferFunctionScriptingTraits (0ms)
		AnalyzeDomain (19ms)
			TypeCache.Refresh (6ms)
				TypeCache.ScanAssembly (0ms)
			ScanForSourceGeneratedMonoScriptInfo (0ms)
			ResolveRequiredComponents (10ms)
	FinalizeReload (1822ms)
		ReleaseScriptCaches (0ms)
		RebuildScriptCaches (0ms)
		SetupLoadedEditorAssemblies (907ms)
			LogAssemblyErrors (0ms)
			InitializePlatformSupportModulesInManaged (14ms)
			SetLoadedEditorAssemblies (12ms)
			RefreshPlugins (0ms)
			BeforeProcessingInitializeOnLoad (142ms)
			ProcessInitializeOnLoadAttributes (670ms)
			ProcessInitializeOnLoadMethodAttributes (53ms)
			AfterProcessingInitializeOnLoad (15ms)
			EditorAssembliesLoaded (0ms)
		ExecutionOrderSort2 (0ms)
		AwakeInstancesAfterBackupRestoration (17ms)
Refreshing native plugins compatible for Editor in 8.51 ms, found 3 plugins.
Preloading 0 native plugins for Editor in 0.00 ms.
Unloading 3180 Unused Serialized files (Serialized files now loaded: 0)
Unloading 27 unused Assets / (0.7 MB). Loaded Objects now: 3695.
Memory consumption went from 195.9 MB to 195.2 MB.
Total: 6.923900 ms (FindLiveObjects: 0.739800 ms CreateObjectMapping: 0.259700 ms MarkObjects: 5.031800 ms  DeleteObjects: 0.889300 ms)

Prepare: number of updated asset objects reloaded= 0
AssetImportParameters requested are different than current active one (requested -> active):
  custom:scripting/monoscript/fileName/SkewTextExample.cs: c142d02d70a129e0533975f7c2f96956 -> 
  custom:container-demuxer-ogg: 62fdf1f143b41e24485cea50d1cbac27 -> 
  custom:scripting/monoscript/fileName/TMP_TextEventHandler.cs: f5cd9d5a43bfefc8f4fec80e6de896a4 -> 
  custom:scripting/monoscript/fileName/TextMeshProFloatingText.cs: 92608fa4a6315cd0786d82205e77b697 -> 
  custom:scripting/monoscript/fileName/VertexZoom.cs: 650ab1e81d40126e3edcf737cce646e4 -> 
  custom:video-codec-MediaFoundation-h265: 746d11721c4dcdbdad8f713fa42b33f4 -> 
  custom:scripting/monoscript/fileName/VertexShakeA.cs: 63ec564c588058369499638dd899e05b -> 
  custom:scripting/monoscript/fileName/TMP_ExampleScript_01.cs: a9d4be556104ff54e7d240529b3e01dc -> 
  custom:video-decoder-ogg-theora: a1e56fd34408186e4bbccfd4996cb3dc -> 
  custom:scripting/monoscript/fileName/TMP_TextEventCheck.cs: 13505d917eab5868c435e0c2986dadfa -> 
  custom:scripting/monoscript/fileName/TMP_TextSelector_B.cs: ba2be21a7486d37b1011342977a2e49d -> 
  custom:scripting/monoscript/fileName/Benchmark01.cs: 2d3e2cd961730ab95f139a49a673bace -> 
  custom:framework-win-MediaFoundation: 216162199b28c13a410421893ffa2e32 -> 
  custom:scripting/monoscript/fileName/Benchmark02.cs: 5640963252ce70910e726415f869ced6 -> 
  custom:scripting/monoscript/fileName/DropdownSample.cs: 0a92251794e5f10400149f96c3c59e5d -> 
  custom:scripting/monoscript/fileName/WarpTextExample.cs: 2663459c266363641981c7d17b698d7f -> 
  custom:CustomObjectIndexerAttribute: 9a22284fe3817be447336de3de66b15e -> 
  custom:container-demuxer-webm: 4f35f7cbe854078d1ac9338744f61a02 -> 
  custom:scripting/monoscript/fileName/ChatController.cs: 876d5ccae6e345dd5d9450eb0a748f16 -> 
  custom:scripting/monoscript/fileName/TextMeshSpawner.cs: 76f28e2ddb031571e6ec62b018f65fa8 -> 
  custom:scripting/monoscript/fileName/TeleType.cs: 31fa97821c4c70f157ec81d507aa6b62 -> 
  custom:scripting/monoscript/fileName/Benchmark04.cs: 32220b148620e52aa81c13a114862bf4 -> 
  custom:container-muxer-webm: aa71ff27fc2769a1b78a27578f13a17b -> 
  custom:video-decoder-webm-vp8: 9c59270c3fd7afecdb556c50c9e8de78 -> 
  custom:scripting/monoscript/fileName/TMP_PhoneNumberValidator.cs: 7c3049f481e464c6a9a15dee56c3126f -> 
  custom:SearchIndexIgnoredProperties: e643bd26f0fe6173181afceb89e7c659 -> 
  custom:AudioImporter_EditorPlatform: d09bf68614088b80899f8185d706f6e7 -> 
  custom:scripting/monoscript/fileName/EnvMapAnimator.cs: 1b4f61c17e4b7283c3ac351aacff9d26 -> 
  custom:scripting/monoscript/fileName/ShaderPropAnimator.cs: 55ce425812446482e623ff2695c94cb2 -> 
  custom:scripting/monoscript/fileName/SimpleScript.cs: 454caab0c6c050f29b39d82e1d66d0fa -> 
  custom:scripting/monoscript/fileName/ObjectSpin.cs: 2b96bb2079dd7fa5108d981627a28e1e -> 
  custom:scripting/monoscript/fileName/CameraController.cs: 34b6be4e23ce86dc89786916c5983296 -> 
  custom:scripting/monoscript/fileName/TMP_TextInfoDebugTool.cs: 3f1709cfb2cc628169113a35b5e9be3f -> 
  custom:scripting/monoscript/fileName/TMP_TextSelector_A.cs: 347309a09d56e367b188a6978f75b424 -> 
  custom:video-encoder-webm-vp8: eb34c28f22e8b96e1ab97ce403110664 -> 
  custom:audio-decoder-ogg-vorbis: bf7c407c2cedff20999df2af8eb42d56 -> 
  custom:scripting/monoscript/fileName/VertexJitter.cs: d27eb5498e48714a66aece98da065133 -> 
  custom:scripting/monoscript/fileName/TextConsoleSimulator.cs: 33fc311abb20b5b0ed8f00e4d86b574e -> 
  custom:scripting/monoscript/fileName/VertexColorCycler.cs: 5f984ca91cf3609293aecc6bc5641572 -> 
  custom:scripting/monoscript/fileName/TMP_FrameRateCounter.cs: 46f655df8cb483ac5958307137b1585a -> 
  custom:scripting/monoscript/fileName/VertexShakeB.cs: a6f78c4fcda1a29a1a1c1baefedba9e7 -> 
  custom:scripting/monoscript/fileName/TMP_UiFrameRateCounter.cs: b01021aea19247f14a98ab338907956a -> 
  custom:scripting/monoscript/fileName/TMPro_InstructionOverlay.cs: b626d2270e6ebd5c4311585c18b58d8d -> 
  custom:scripting/monoscript/fileName/TMP_DigitValidator.cs: ac02af96215ae3951a3cce9e1a8c6085 -> 
  custom:audio-encoder-webm-vorbis: bf7c407c2cedff20999df2af8eb42d56 -> 
  custom:scripting/monoscript/fileName/Benchmark01_UGUI.cs: 6148cfe2627b7708298f301788144139 -> 
  custom:scripting/precompiled-assembly-types:Assembly-CSharp: f825853d409a0befafbc7d54a7e7aa5b -> c48c441790bd3f7ca89b9b3822d92937
  custom:scripting/monoscript/fileName/Benchmark03.cs: 17cc87e0529ac71d909a946afb47a274 -> 
========================================================================
Received Prepare
Caller must complete domain reload
Begin MonoManager ReloadAssembly
- Loaded All Assemblies, in  0.687 seconds
Native extension for WindowsStandalone target not found
Mono: successfully reloaded assembly
- Finished resetting the current domain, in  1.531 seconds
Domain Reload Profiling: 2215ms
	BeginReloadAssembly (245ms)
		ExecutionOrderSort (0ms)
		DisableScriptedObjects (10ms)
		BackupInstance (0ms)
		ReleaseScriptingObjects (0ms)
		CreateAndSetChildDomain (35ms)
	RebuildCommonClasses (56ms)
	RebuildNativeTypeToScriptingClass (25ms)
	initialDomainReloadingComplete (46ms)
	LoadAllAssembliesAndSetupDomain (312ms)
		LoadAssemblies (412ms)
		RebuildTransferFunctionScriptingTraits (0ms)
		AnalyzeDomain (40ms)
			TypeCache.Refresh (13ms)
				TypeCache.ScanAssembly (1ms)
			ScanForSourceGeneratedMonoScriptInfo (15ms)
			ResolveRequiredComponents (10ms)
	FinalizeReload (1532ms)
		ReleaseScriptCaches (0ms)
		RebuildScriptCaches (0ms)
		SetupLoadedEditorAssemblies (595ms)
			LogAssemblyErrors (0ms)
			InitializePlatformSupportModulesInManaged (13ms)
			SetLoadedEditorAssemblies (10ms)
			RefreshPlugins (0ms)
			BeforeProcessingInitializeOnLoad (122ms)
			ProcessInitializeOnLoadAttributes (407ms)
			ProcessInitializeOnLoadMethodAttributes (33ms)
			AfterProcessingInitializeOnLoad (10ms)
			EditorAssembliesLoaded (0ms)
		ExecutionOrderSort2 (0ms)
		AwakeInstancesAfterBackupRestoration (9ms)
Refreshing native plugins compatible for Editor in 5.16 ms, found 3 plugins.
Preloading 0 native plugins for Editor in 0.00 ms.
Unloading 3180 Unused Serialized files (Serialized files now loaded: 0)
Unloading 27 unused Assets / (0.7 MB). Loaded Objects now: 3698.
Memory consumption went from 195.9 MB to 195.2 MB.
Total: 4.245100 ms (FindLiveObjects: 0.379900 ms CreateObjectMapping: 0.163400 ms MarkObjects: 3.161600 ms  DeleteObjects: 0.538800 ms)

Prepare: number of updated asset objects reloaded= 0
AssetImportParameters requested are different than current active one (requested -> active):
  custom:scripting/monoscript/fileName/SkewTextExample.cs: c142d02d70a129e0533975f7c2f96956 -> 
  custom:container-demuxer-ogg: 62fdf1f143b41e24485cea50d1cbac27 -> 
  custom:scripting/monoscript/fileName/TMP_TextEventHandler.cs: f5cd9d5a43bfefc8f4fec80e6de896a4 -> 
  custom:scripting/monoscript/fileName/TextMeshProFloatingText.cs: 92608fa4a6315cd0786d82205e77b697 -> 
  custom:scripting/monoscript/fileName/VertexZoom.cs: 650ab1e81d40126e3edcf737cce646e4 -> 
  custom:video-codec-MediaFoundation-h265: 746d11721c4dcdbdad8f713fa42b33f4 -> 
  custom:scripting/monoscript/fileName/VertexShakeA.cs: 63ec564c588058369499638dd899e05b -> 
  custom:scripting/monoscript/fileName/TMP_ExampleScript_01.cs: a9d4be556104ff54e7d240529b3e01dc -> 
  custom:video-decoder-ogg-theora: a1e56fd34408186e4bbccfd4996cb3dc -> 
  custom:scripting/monoscript/fileName/TMP_TextEventCheck.cs: 13505d917eab5868c435e0c2986dadfa -> 
  custom:scripting/monoscript/fileName/TMP_TextSelector_B.cs: ba2be21a7486d37b1011342977a2e49d -> 
  custom:scripting/monoscript/fileName/Benchmark01.cs: 2d3e2cd961730ab95f139a49a673bace -> 
  custom:framework-win-MediaFoundation: 216162199b28c13a410421893ffa2e32 -> 
  custom:scripting/monoscript/fileName/Benchmark02.cs: 5640963252ce70910e726415f869ced6 -> 
  custom:scripting/monoscript/fileName/DropdownSample.cs: 0a92251794e5f10400149f96c3c59e5d -> 
  custom:scripting/monoscript/fileName/WarpTextExample.cs: 2663459c266363641981c7d17b698d7f -> 
  custom:CustomObjectIndexerAttribute: 9a22284fe3817be447336de3de66b15e -> 
  custom:container-demuxer-webm: 4f35f7cbe854078d1ac9338744f61a02 -> 
  custom:scripting/monoscript/fileName/ChatController.cs: 876d5ccae6e345dd5d9450eb0a748f16 -> 
  custom:scripting/monoscript/fileName/TextMeshSpawner.cs: 76f28e2ddb031571e6ec62b018f65fa8 -> 
  custom:scripting/monoscript/fileName/TeleType.cs: 31fa97821c4c70f157ec81d507aa6b62 -> 
  custom:scripting/monoscript/fileName/Benchmark04.cs: 32220b148620e52aa81c13a114862bf4 -> 
  custom:container-muxer-webm: aa71ff27fc2769a1b78a27578f13a17b -> 
  custom:video-decoder-webm-vp8: 9c59270c3fd7afecdb556c50c9e8de78 -> 
  custom:scripting/monoscript/fileName/TMP_PhoneNumberValidator.cs: 7c3049f481e464c6a9a15dee56c3126f -> 
  custom:SearchIndexIgnoredProperties: e643bd26f0fe6173181afceb89e7c659 -> 
  custom:AudioImporter_EditorPlatform: d09bf68614088b80899f8185d706f6e7 -> 
  custom:scripting/monoscript/fileName/EnvMapAnimator.cs: 1b4f61c17e4b7283c3ac351aacff9d26 -> 
  custom:scripting/monoscript/fileName/ShaderPropAnimator.cs: 55ce425812446482e623ff2695c94cb2 -> 
  custom:scripting/monoscript/fileName/SimpleScript.cs: 454caab0c6c050f29b39d82e1d66d0fa -> 
  custom:scripting/monoscript/fileName/ObjectSpin.cs: 2b96bb2079dd7fa5108d981627a28e1e -> 
  custom:scripting/monoscript/fileName/CameraController.cs: 34b6be4e23ce86dc89786916c5983296 -> 
  custom:scripting/monoscript/fileName/TMP_TextInfoDebugTool.cs: 3f1709cfb2cc628169113a35b5e9be3f -> 
  custom:scripting/monoscript/fileName/TMP_TextSelector_A.cs: 347309a09d56e367b188a6978f75b424 -> 
  custom:video-encoder-webm-vp8: eb34c28f22e8b96e1ab97ce403110664 -> 
  custom:audio-decoder-ogg-vorbis: bf7c407c2cedff20999df2af8eb42d56 -> 
  custom:scripting/monoscript/fileName/VertexJitter.cs: d27eb5498e48714a66aece98da065133 -> 
  custom:scripting/monoscript/fileName/TextConsoleSimulator.cs: 33fc311abb20b5b0ed8f00e4d86b574e -> 
  custom:scripting/monoscript/fileName/VertexColorCycler.cs: 5f984ca91cf3609293aecc6bc5641572 -> 
  custom:scripting/monoscript/fileName/TMP_FrameRateCounter.cs: 46f655df8cb483ac5958307137b1585a -> 
  custom:scripting/monoscript/fileName/VertexShakeB.cs: a6f78c4fcda1a29a1a1c1baefedba9e7 -> 
  custom:scripting/monoscript/fileName/TMP_UiFrameRateCounter.cs: b01021aea19247f14a98ab338907956a -> 
  custom:scripting/monoscript/fileName/TMPro_InstructionOverlay.cs: b626d2270e6ebd5c4311585c18b58d8d -> 
  custom:scripting/monoscript/fileName/TMP_DigitValidator.cs: ac02af96215ae3951a3cce9e1a8c6085 -> 
  custom:audio-encoder-webm-vorbis: bf7c407c2cedff20999df2af8eb42d56 -> 
  custom:scripting/monoscript/fileName/Benchmark01_UGUI.cs: 6148cfe2627b7708298f301788144139 -> 
  custom:scripting/precompiled-assembly-types:Assembly-CSharp: f825853d409a0befafbc7d54a7e7aa5b -> c48c441790bd3f7ca89b9b3822d92937
  custom:scripting/monoscript/fileName/Benchmark03.cs: 17cc87e0529ac71d909a946afb47a274 -> 
========================================================================
Received Prepare
Caller must complete domain reload
Begin MonoManager ReloadAssembly
- Loaded All Assemblies, in  0.972 seconds
Native extension for WindowsStandalone target not found
Mono: successfully reloaded assembly
- Finished resetting the current domain, in  2.867 seconds
Domain Reload Profiling: 3831ms
	BeginReloadAssembly (262ms)
		ExecutionOrderSort (0ms)
		DisableScriptedObjects (13ms)
		BackupInstance (0ms)
		ReleaseScriptingObjects (0ms)
		CreateAndSetChildDomain (53ms)
	RebuildCommonClasses (68ms)
	RebuildNativeTypeToScriptingClass (23ms)
	initialDomainReloadingComplete (89ms)
	LoadAllAssembliesAndSetupDomain (520ms)
		LoadAssemblies (642ms)
		RebuildTransferFunctionScriptingTraits (0ms)
		AnalyzeDomain (23ms)
			TypeCache.Refresh (8ms)
				TypeCache.ScanAssembly (0ms)
			ScanForSourceGeneratedMonoScriptInfo (0ms)
			ResolveRequiredComponents (11ms)
	FinalizeReload (2868ms)
		ReleaseScriptCaches (0ms)
		RebuildScriptCaches (0ms)
		SetupLoadedEditorAssemblies (1340ms)
			LogAssemblyErrors (0ms)
			InitializePlatformSupportModulesInManaged (20ms)
			SetLoadedEditorAssemblies (13ms)
			RefreshPlugins (0ms)
			BeforeProcessingInitializeOnLoad (203ms)
			ProcessInitializeOnLoadAttributes (1001ms)
			ProcessInitializeOnLoadMethodAttributes (79ms)
			AfterProcessingInitializeOnLoad (23ms)
			EditorAssembliesLoaded (0ms)
		ExecutionOrderSort2 (0ms)
		AwakeInstancesAfterBackupRestoration (17ms)
Refreshing native plugins compatible for Editor in 9.67 ms, found 3 plugins.
Preloading 0 native plugins for Editor in 0.00 ms.
Unloading 3180 Unused Serialized files (Serialized files now loaded: 0)
Unloading 27 unused Assets / (0.7 MB). Loaded Objects now: 3701.
Memory consumption went from 196.0 MB to 195.2 MB.
Total: 7.525800 ms (FindLiveObjects: 0.576500 ms CreateObjectMapping: 0.268600 ms MarkObjects: 5.700100 ms  DeleteObjects: 0.977700 ms)

Prepare: number of updated asset objects reloaded= 0
AssetImportParameters requested are different than current active one (requested -> active):
  custom:scripting/monoscript/fileName/SkewTextExample.cs: c142d02d70a129e0533975f7c2f96956 -> 
  custom:container-demuxer-ogg: 62fdf1f143b41e24485cea50d1cbac27 -> 
  custom:scripting/monoscript/fileName/TMP_TextEventHandler.cs: f5cd9d5a43bfefc8f4fec80e6de896a4 -> 
  custom:scripting/monoscript/fileName/TextMeshProFloatingText.cs: 92608fa4a6315cd0786d82205e77b697 -> 
  custom:scripting/monoscript/fileName/VertexZoom.cs: 650ab1e81d40126e3edcf737cce646e4 -> 
  custom:video-codec-MediaFoundation-h265: 746d11721c4dcdbdad8f713fa42b33f4 -> 
  custom:scripting/monoscript/fileName/VertexShakeA.cs: 63ec564c588058369499638dd899e05b -> 
  custom:scripting/monoscript/fileName/TMP_ExampleScript_01.cs: a9d4be556104ff54e7d240529b3e01dc -> 
  custom:video-decoder-ogg-theora: a1e56fd34408186e4bbccfd4996cb3dc -> 
  custom:scripting/monoscript/fileName/TMP_TextEventCheck.cs: 13505d917eab5868c435e0c2986dadfa -> 
  custom:scripting/monoscript/fileName/TMP_TextSelector_B.cs: ba2be21a7486d37b1011342977a2e49d -> 
  custom:scripting/monoscript/fileName/Benchmark01.cs: 2d3e2cd961730ab95f139a49a673bace -> 
  custom:framework-win-MediaFoundation: 216162199b28c13a410421893ffa2e32 -> 
  custom:scripting/monoscript/fileName/Benchmark02.cs: 5640963252ce70910e726415f869ced6 -> 
  custom:scripting/monoscript/fileName/DropdownSample.cs: 0a92251794e5f10400149f96c3c59e5d -> 
  custom:scripting/monoscript/fileName/WarpTextExample.cs: 2663459c266363641981c7d17b698d7f -> 
  custom:CustomObjectIndexerAttribute: 9a22284fe3817be447336de3de66b15e -> 
  custom:container-demuxer-webm: 4f35f7cbe854078d1ac9338744f61a02 -> 
  custom:scripting/monoscript/fileName/ChatController.cs: 876d5ccae6e345dd5d9450eb0a748f16 -> 
  custom:scripting/monoscript/fileName/TextMeshSpawner.cs: 76f28e2ddb031571e6ec62b018f65fa8 -> 
  custom:scripting/monoscript/fileName/TeleType.cs: 31fa97821c4c70f157ec81d507aa6b62 -> 
  custom:scripting/monoscript/fileName/Benchmark04.cs: 32220b148620e52aa81c13a114862bf4 -> 
  custom:container-muxer-webm: aa71ff27fc2769a1b78a27578f13a17b -> 
  custom:video-decoder-webm-vp8: 9c59270c3fd7afecdb556c50c9e8de78 -> 
  custom:scripting/monoscript/fileName/TMP_PhoneNumberValidator.cs: 7c3049f481e464c6a9a15dee56c3126f -> 
  custom:SearchIndexIgnoredProperties: e643bd26f0fe6173181afceb89e7c659 -> 
  custom:AudioImporter_EditorPlatform: d09bf68614088b80899f8185d706f6e7 -> 
  custom:scripting/monoscript/fileName/EnvMapAnimator.cs: 1b4f61c17e4b7283c3ac351aacff9d26 -> 
  custom:scripting/monoscript/fileName/ShaderPropAnimator.cs: 55ce425812446482e623ff2695c94cb2 -> 
  custom:scripting/monoscript/fileName/SimpleScript.cs: 454caab0c6c050f29b39d82e1d66d0fa -> 
  custom:scripting/monoscript/fileName/ObjectSpin.cs: 2b96bb2079dd7fa5108d981627a28e1e -> 
  custom:scripting/monoscript/fileName/CameraController.cs: 34b6be4e23ce86dc89786916c5983296 -> 
  custom:scripting/monoscript/fileName/TMP_TextInfoDebugTool.cs: 3f1709cfb2cc628169113a35b5e9be3f -> 
  custom:scripting/monoscript/fileName/TMP_TextSelector_A.cs: 347309a09d56e367b188a6978f75b424 -> 
  custom:video-encoder-webm-vp8: eb34c28f22e8b96e1ab97ce403110664 -> 
  custom:audio-decoder-ogg-vorbis: bf7c407c2cedff20999df2af8eb42d56 -> 
  custom:scripting/monoscript/fileName/VertexJitter.cs: d27eb5498e48714a66aece98da065133 -> 
  custom:scripting/monoscript/fileName/TextConsoleSimulator.cs: 33fc311abb20b5b0ed8f00e4d86b574e -> 
  custom:scripting/monoscript/fileName/VertexColorCycler.cs: 5f984ca91cf3609293aecc6bc5641572 -> 
  custom:scripting/monoscript/fileName/TMP_FrameRateCounter.cs: 46f655df8cb483ac5958307137b1585a -> 
  custom:scripting/monoscript/fileName/VertexShakeB.cs: a6f78c4fcda1a29a1a1c1baefedba9e7 -> 
  custom:scripting/monoscript/fileName/TMP_UiFrameRateCounter.cs: b01021aea19247f14a98ab338907956a -> 
  custom:scripting/monoscript/fileName/TMPro_InstructionOverlay.cs: b626d2270e6ebd5c4311585c18b58d8d -> 
  custom:scripting/monoscript/fileName/TMP_DigitValidator.cs: ac02af96215ae3951a3cce9e1a8c6085 -> 
  custom:audio-encoder-webm-vorbis: bf7c407c2cedff20999df2af8eb42d56 -> 
  custom:scripting/monoscript/fileName/Benchmark01_UGUI.cs: 6148cfe2627b7708298f301788144139 -> 
  custom:scripting/precompiled-assembly-types:Assembly-CSharp: f825853d409a0befafbc7d54a7e7aa5b -> c48c441790bd3f7ca89b9b3822d92937
  custom:scripting/monoscript/fileName/Benchmark03.cs: 17cc87e0529ac71d909a946afb47a274 -> 
========================================================================
Received Prepare
Caller must complete domain reload
Begin MonoManager ReloadAssembly
- Loaded All Assemblies, in  0.928 seconds
Native extension for WindowsStandalone target not found
Mono: successfully reloaded assembly
- Finished resetting the current domain, in  1.950 seconds
Domain Reload Profiling: 2875ms
	BeginReloadAssembly (264ms)
		ExecutionOrderSort (0ms)
		DisableScriptedObjects (11ms)
		BackupInstance (0ms)
		ReleaseScriptingObjects (0ms)
		CreateAndSetChildDomain (40ms)
	RebuildCommonClasses (60ms)
	RebuildNativeTypeToScriptingClass (23ms)
	initialDomainReloadingComplete (61ms)
	LoadAllAssembliesAndSetupDomain (515ms)
		LoadAssemblies (640ms)
		RebuildTransferFunctionScriptingTraits (0ms)
		AnalyzeDomain (17ms)
			TypeCache.Refresh (6ms)
				TypeCache.ScanAssembly (0ms)
			ScanForSourceGeneratedMonoScriptInfo (0ms)
			ResolveRequiredComponents (9ms)
	FinalizeReload (1951ms)
		ReleaseScriptCaches (0ms)
		RebuildScriptCaches (0ms)
		SetupLoadedEditorAssemblies (888ms)
			LogAssemblyErrors (0ms)
			InitializePlatformSupportModulesInManaged (15ms)
			SetLoadedEditorAssemblies (11ms)
			RefreshPlugins (0ms)
			BeforeProcessingInitializeOnLoad (133ms)
			ProcessInitializeOnLoadAttributes (662ms)
			ProcessInitializeOnLoadMethodAttributes (52ms)
			AfterProcessingInitializeOnLoad (15ms)
			EditorAssembliesLoaded (0ms)
		ExecutionOrderSort2 (0ms)
		AwakeInstancesAfterBackupRestoration (14ms)
Refreshing native plugins compatible for Editor in 10.31 ms, found 3 plugins.
Preloading 0 native plugins for Editor in 0.00 ms.
Unloading 3180 Unused Serialized files (Serialized files now loaded: 0)
Unloading 27 unused Assets / (0.7 MB). Loaded Objects now: 3704.
Memory consumption went from 195.9 MB to 195.2 MB.
Total: 8.637500 ms (FindLiveObjects: 0.490000 ms CreateObjectMapping: 0.184400 ms MarkObjects: 7.223700 ms  DeleteObjects: 0.737600 ms)

Prepare: number of updated asset objects reloaded= 0
AssetImportParameters requested are different than current active one (requested -> active):
  custom:scripting/monoscript/fileName/SkewTextExample.cs: c142d02d70a129e0533975f7c2f96956 -> 
  custom:container-demuxer-ogg: 62fdf1f143b41e24485cea50d1cbac27 -> 
  custom:scripting/monoscript/fileName/TMP_TextEventHandler.cs: f5cd9d5a43bfefc8f4fec80e6de896a4 -> 
  custom:scripting/monoscript/fileName/TextMeshProFloatingText.cs: 92608fa4a6315cd0786d82205e77b697 -> 
  custom:scripting/monoscript/fileName/VertexZoom.cs: 650ab1e81d40126e3edcf737cce646e4 -> 
  custom:video-codec-MediaFoundation-h265: 746d11721c4dcdbdad8f713fa42b33f4 -> 
  custom:scripting/monoscript/fileName/VertexShakeA.cs: 63ec564c588058369499638dd899e05b -> 
  custom:scripting/monoscript/fileName/TMP_ExampleScript_01.cs: a9d4be556104ff54e7d240529b3e01dc -> 
  custom:video-decoder-ogg-theora: a1e56fd34408186e4bbccfd4996cb3dc -> 
  custom:scripting/monoscript/fileName/TMP_TextEventCheck.cs: 13505d917eab5868c435e0c2986dadfa -> 
  custom:scripting/monoscript/fileName/TMP_TextSelector_B.cs: ba2be21a7486d37b1011342977a2e49d -> 
  custom:scripting/monoscript/fileName/Benchmark01.cs: 2d3e2cd961730ab95f139a49a673bace -> 
  custom:framework-win-MediaFoundation: 216162199b28c13a410421893ffa2e32 -> 
  custom:scripting/monoscript/fileName/Benchmark02.cs: 5640963252ce70910e726415f869ced6 -> 
  custom:scripting/monoscript/fileName/DropdownSample.cs: 0a92251794e5f10400149f96c3c59e5d -> 
  custom:scripting/monoscript/fileName/WarpTextExample.cs: 2663459c266363641981c7d17b698d7f -> 
  custom:CustomObjectIndexerAttribute: 9a22284fe3817be447336de3de66b15e -> 
  custom:container-demuxer-webm: 4f35f7cbe854078d1ac9338744f61a02 -> 
  custom:scripting/monoscript/fileName/ChatController.cs: 876d5ccae6e345dd5d9450eb0a748f16 -> 
  custom:scripting/monoscript/fileName/TextMeshSpawner.cs: 76f28e2ddb031571e6ec62b018f65fa8 -> 
  custom:scripting/monoscript/fileName/TeleType.cs: 31fa97821c4c70f157ec81d507aa6b62 -> 
  custom:scripting/monoscript/fileName/Benchmark04.cs: 32220b148620e52aa81c13a114862bf4 -> 
  custom:container-muxer-webm: aa71ff27fc2769a1b78a27578f13a17b -> 
  custom:video-decoder-webm-vp8: 9c59270c3fd7afecdb556c50c9e8de78 -> 
  custom:scripting/monoscript/fileName/TMP_PhoneNumberValidator.cs: 7c3049f481e464c6a9a15dee56c3126f -> 
  custom:SearchIndexIgnoredProperties: e643bd26f0fe6173181afceb89e7c659 -> 
  custom:AudioImporter_EditorPlatform: d09bf68614088b80899f8185d706f6e7 -> 
  custom:scripting/monoscript/fileName/EnvMapAnimator.cs: 1b4f61c17e4b7283c3ac351aacff9d26 -> 
  custom:scripting/monoscript/fileName/ShaderPropAnimator.cs: 55ce425812446482e623ff2695c94cb2 -> 
  custom:scripting/monoscript/fileName/SimpleScript.cs: 454caab0c6c050f29b39d82e1d66d0fa -> 
  custom:scripting/monoscript/fileName/ObjectSpin.cs: 2b96bb2079dd7fa5108d981627a28e1e -> 
  custom:scripting/monoscript/fileName/CameraController.cs: 34b6be4e23ce86dc89786916c5983296 -> 
  custom:scripting/monoscript/fileName/TMP_TextInfoDebugTool.cs: 3f1709cfb2cc628169113a35b5e9be3f -> 
  custom:scripting/monoscript/fileName/TMP_TextSelector_A.cs: 347309a09d56e367b188a6978f75b424 -> 
  custom:video-encoder-webm-vp8: eb34c28f22e8b96e1ab97ce403110664 -> 
  custom:audio-decoder-ogg-vorbis: bf7c407c2cedff20999df2af8eb42d56 -> 
  custom:scripting/monoscript/fileName/VertexJitter.cs: d27eb5498e48714a66aece98da065133 -> 
  custom:scripting/monoscript/fileName/TextConsoleSimulator.cs: 33fc311abb20b5b0ed8f00e4d86b574e -> 
  custom:scripting/monoscript/fileName/VertexColorCycler.cs: 5f984ca91cf3609293aecc6bc5641572 -> 
  custom:scripting/monoscript/fileName/TMP_FrameRateCounter.cs: 46f655df8cb483ac5958307137b1585a -> 
  custom:scripting/monoscript/fileName/VertexShakeB.cs: a6f78c4fcda1a29a1a1c1baefedba9e7 -> 
  custom:scripting/monoscript/fileName/TMP_UiFrameRateCounter.cs: b01021aea19247f14a98ab338907956a -> 
  custom:scripting/monoscript/fileName/TMPro_InstructionOverlay.cs: b626d2270e6ebd5c4311585c18b58d8d -> 
  custom:scripting/monoscript/fileName/TMP_DigitValidator.cs: ac02af96215ae3951a3cce9e1a8c6085 -> 
  custom:audio-encoder-webm-vorbis: bf7c407c2cedff20999df2af8eb42d56 -> 
  custom:scripting/monoscript/fileName/Benchmark01_UGUI.cs: 6148cfe2627b7708298f301788144139 -> 
  custom:scripting/precompiled-assembly-types:Assembly-CSharp: f825853d409a0befafbc7d54a7e7aa5b -> c48c441790bd3f7ca89b9b3822d92937
  custom:scripting/monoscript/fileName/Benchmark03.cs: 17cc87e0529ac71d909a946afb47a274 -> 
========================================================================
Received Prepare
Caller must complete domain reload
Begin MonoManager ReloadAssembly
- Loaded All Assemblies, in  0.656 seconds
Native extension for WindowsStandalone target not found
Mono: successfully reloaded assembly
- Finished resetting the current domain, in  1.821 seconds
Domain Reload Profiling: 2473ms
	BeginReloadAssembly (234ms)
		ExecutionOrderSort (0ms)
		DisableScriptedObjects (9ms)
		BackupInstance (0ms)
		ReleaseScriptingObjects (0ms)
		CreateAndSetChildDomain (40ms)
	RebuildCommonClasses (66ms)
	RebuildNativeTypeToScriptingClass (17ms)
	initialDomainReloadingComplete (46ms)
	LoadAllAssembliesAndSetupDomain (289ms)
		LoadAssemblies (399ms)
		RebuildTransferFunctionScriptingTraits (0ms)
		AnalyzeDomain (21ms)
			TypeCache.Refresh (6ms)
				TypeCache.ScanAssembly (0ms)
			ScanForSourceGeneratedMonoScriptInfo (0ms)
			ResolveRequiredComponents (11ms)
	FinalizeReload (1822ms)
		ReleaseScriptCaches (0ms)
		RebuildScriptCaches (0ms)
		SetupLoadedEditorAssemblies (931ms)
			LogAssemblyErrors (0ms)
			InitializePlatformSupportModulesInManaged (13ms)
			SetLoadedEditorAssemblies (9ms)
			RefreshPlugins (0ms)
			BeforeProcessingInitializeOnLoad (139ms)
			ProcessInitializeOnLoadAttributes (713ms)
			ProcessInitializeOnLoadMethodAttributes (44ms)
			AfterProcessingInitializeOnLoad (12ms)
			EditorAssembliesLoaded (0ms)
		ExecutionOrderSort2 (0ms)
		AwakeInstancesAfterBackupRestoration (14ms)
Refreshing native plugins compatible for Editor in 7.84 ms, found 3 plugins.
Preloading 0 native plugins for Editor in 0.00 ms.
Unloading 3180 Unused Serialized files (Serialized files now loaded: 0)
Unloading 27 unused Assets / (0.7 MB). Loaded Objects now: 3707.
Memory consumption went from 196.0 MB to 195.2 MB.
Total: 7.501100 ms (FindLiveObjects: 0.517200 ms CreateObjectMapping: 0.353200 ms MarkObjects: 5.780400 ms  DeleteObjects: 0.848700 ms)

Prepare: number of updated asset objects reloaded= 0
AssetImportParameters requested are different than current active one (requested -> active):
  custom:scripting/monoscript/fileName/SkewTextExample.cs: c142d02d70a129e0533975f7c2f96956 -> 
  custom:container-demuxer-ogg: 62fdf1f143b41e24485cea50d1cbac27 -> 
  custom:scripting/monoscript/fileName/TMP_TextEventHandler.cs: f5cd9d5a43bfefc8f4fec80e6de896a4 -> 
  custom:scripting/monoscript/fileName/TextMeshProFloatingText.cs: 92608fa4a6315cd0786d82205e77b697 -> 
  custom:scripting/monoscript/fileName/VertexZoom.cs: 650ab1e81d40126e3edcf737cce646e4 -> 
  custom:video-codec-MediaFoundation-h265: 746d11721c4dcdbdad8f713fa42b33f4 -> 
  custom:scripting/monoscript/fileName/VertexShakeA.cs: 63ec564c588058369499638dd899e05b -> 
  custom:scripting/monoscript/fileName/TMP_ExampleScript_01.cs: a9d4be556104ff54e7d240529b3e01dc -> 
  custom:video-decoder-ogg-theora: a1e56fd34408186e4bbccfd4996cb3dc -> 
  custom:scripting/monoscript/fileName/TMP_TextEventCheck.cs: 13505d917eab5868c435e0c2986dadfa -> 
  custom:scripting/monoscript/fileName/TMP_TextSelector_B.cs: ba2be21a7486d37b1011342977a2e49d -> 
  custom:scripting/monoscript/fileName/Benchmark01.cs: 2d3e2cd961730ab95f139a49a673bace -> 
  custom:framework-win-MediaFoundation: 216162199b28c13a410421893ffa2e32 -> 
  custom:scripting/monoscript/fileName/Benchmark02.cs: 5640963252ce70910e726415f869ced6 -> 
  custom:scripting/monoscript/fileName/DropdownSample.cs: 0a92251794e5f10400149f96c3c59e5d -> 
  custom:scripting/monoscript/fileName/WarpTextExample.cs: 2663459c266363641981c7d17b698d7f -> 
  custom:CustomObjectIndexerAttribute: 9a22284fe3817be447336de3de66b15e -> 
  custom:container-demuxer-webm: 4f35f7cbe854078d1ac9338744f61a02 -> 
  custom:scripting/monoscript/fileName/ChatController.cs: 876d5ccae6e345dd5d9450eb0a748f16 -> 
  custom:scripting/monoscript/fileName/TextMeshSpawner.cs: 76f28e2ddb031571e6ec62b018f65fa8 -> 
  custom:scripting/monoscript/fileName/TeleType.cs: 31fa97821c4c70f157ec81d507aa6b62 -> 
  custom:scripting/monoscript/fileName/Benchmark04.cs: 32220b148620e52aa81c13a114862bf4 -> 
  custom:container-muxer-webm: aa71ff27fc2769a1b78a27578f13a17b -> 
  custom:video-decoder-webm-vp8: 9c59270c3fd7afecdb556c50c9e8de78 -> 
  custom:scripting/monoscript/fileName/TMP_PhoneNumberValidator.cs: 7c3049f481e464c6a9a15dee56c3126f -> 
  custom:SearchIndexIgnoredProperties: e643bd26f0fe6173181afceb89e7c659 -> 
  custom:AudioImporter_EditorPlatform: d09bf68614088b80899f8185d706f6e7 -> 
  custom:scripting/monoscript/fileName/EnvMapAnimator.cs: 1b4f61c17e4b7283c3ac351aacff9d26 -> 
  custom:scripting/monoscript/fileName/ShaderPropAnimator.cs: 55ce425812446482e623ff2695c94cb2 -> 
  custom:scripting/monoscript/fileName/SimpleScript.cs: 454caab0c6c050f29b39d82e1d66d0fa -> 
  custom:scripting/monoscript/fileName/ObjectSpin.cs: 2b96bb2079dd7fa5108d981627a28e1e -> 
  custom:scripting/monoscript/fileName/CameraController.cs: 34b6be4e23ce86dc89786916c5983296 -> 
  custom:scripting/monoscript/fileName/TMP_TextInfoDebugTool.cs: 3f1709cfb2cc628169113a35b5e9be3f -> 
  custom:scripting/monoscript/fileName/TMP_TextSelector_A.cs: 347309a09d56e367b188a6978f75b424 -> 
  custom:video-encoder-webm-vp8: eb34c28f22e8b96e1ab97ce403110664 -> 
  custom:audio-decoder-ogg-vorbis: bf7c407c2cedff20999df2af8eb42d56 -> 
  custom:scripting/monoscript/fileName/VertexJitter.cs: d27eb5498e48714a66aece98da065133 -> 
  custom:scripting/monoscript/fileName/TextConsoleSimulator.cs: 33fc311abb20b5b0ed8f00e4d86b574e -> 
  custom:scripting/monoscript/fileName/VertexColorCycler.cs: 5f984ca91cf3609293aecc6bc5641572 -> 
  custom:scripting/monoscript/fileName/TMP_FrameRateCounter.cs: 46f655df8cb483ac5958307137b1585a -> 
  custom:scripting/monoscript/fileName/VertexShakeB.cs: a6f78c4fcda1a29a1a1c1baefedba9e7 -> 
  custom:scripting/monoscript/fileName/TMP_UiFrameRateCounter.cs: b01021aea19247f14a98ab338907956a -> 
  custom:scripting/monoscript/fileName/TMPro_InstructionOverlay.cs: b626d2270e6ebd5c4311585c18b58d8d -> 
  custom:scripting/monoscript/fileName/TMP_DigitValidator.cs: ac02af96215ae3951a3cce9e1a8c6085 -> 
  custom:audio-encoder-webm-vorbis: bf7c407c2cedff20999df2af8eb42d56 -> 
  custom:scripting/monoscript/fileName/Benchmark01_UGUI.cs: 6148cfe2627b7708298f301788144139 -> 
  custom:scripting/precompiled-assembly-types:Assembly-CSharp: f825853d409a0befafbc7d54a7e7aa5b -> c48c441790bd3f7ca89b9b3822d92937
  custom:scripting/monoscript/fileName/Benchmark03.cs: 17cc87e0529ac71d909a946afb47a274 -> 
========================================================================
Received Prepare
Caller must complete domain reload
Begin MonoManager ReloadAssembly
- Loaded All Assemblies, in  0.730 seconds
Native extension for WindowsStandalone target not found
Mono: successfully reloaded assembly
- Finished resetting the current domain, in  1.986 seconds
Domain Reload Profiling: 2713ms
	BeginReloadAssembly (254ms)
		ExecutionOrderSort (0ms)
		DisableScriptedObjects (8ms)
		BackupInstance (0ms)
		ReleaseScriptingObjects (0ms)
		CreateAndSetChildDomain (46ms)
	RebuildCommonClasses (60ms)
	RebuildNativeTypeToScriptingClass (24ms)
	initialDomainReloadingComplete (54ms)
	LoadAllAssembliesAndSetupDomain (334ms)
		LoadAssemblies (437ms)
		RebuildTransferFunctionScriptingTraits (0ms)
		AnalyzeDomain (34ms)
			TypeCache.Refresh (11ms)
				TypeCache.ScanAssembly (1ms)
			ScanForSourceGeneratedMonoScriptInfo (12ms)
			ResolveRequiredComponents (9ms)
	FinalizeReload (1987ms)
		ReleaseScriptCaches (0ms)
		RebuildScriptCaches (0ms)
		SetupLoadedEditorAssemblies (721ms)
			LogAssemblyErrors (0ms)
			InitializePlatformSupportModulesInManaged (17ms)
			SetLoadedEditorAssemblies (12ms)
			RefreshPlugins (0ms)
			BeforeProcessingInitializeOnLoad (127ms)
			ProcessInitializeOnLoadAttributes (513ms)
			ProcessInitializeOnLoadMethodAttributes (38ms)
			AfterProcessingInitializeOnLoad (15ms)
			EditorAssembliesLoaded (0ms)
		ExecutionOrderSort2 (0ms)
		AwakeInstancesAfterBackupRestoration (13ms)
Refreshing native plugins compatible for Editor in 7.46 ms, found 3 plugins.
Preloading 0 native plugins for Editor in 0.00 ms.
Unloading 3180 Unused Serialized files (Serialized files now loaded: 0)
Unloading 27 unused Assets / (0.7 MB). Loaded Objects now: 3710.
Memory consumption went from 196.0 MB to 195.2 MB.
Total: 4.516100 ms (FindLiveObjects: 0.360600 ms CreateObjectMapping: 0.126200 ms MarkObjects: 3.470200 ms  DeleteObjects: 0.557600 ms)

Prepare: number of updated asset objects reloaded= 0
AssetImportParameters requested are different than current active one (requested -> active):
  custom:scripting/monoscript/fileName/SkewTextExample.cs: c142d02d70a129e0533975f7c2f96956 -> 
  custom:container-demuxer-ogg: 62fdf1f143b41e24485cea50d1cbac27 -> 
  custom:scripting/monoscript/fileName/TMP_TextEventHandler.cs: f5cd9d5a43bfefc8f4fec80e6de896a4 -> 
  custom:scripting/monoscript/fileName/TextMeshProFloatingText.cs: 92608fa4a6315cd0786d82205e77b697 -> 
  custom:scripting/monoscript/fileName/VertexZoom.cs: 650ab1e81d40126e3edcf737cce646e4 -> 
  custom:video-codec-MediaFoundation-h265: 746d11721c4dcdbdad8f713fa42b33f4 -> 
  custom:scripting/monoscript/fileName/VertexShakeA.cs: 63ec564c588058369499638dd899e05b -> 
  custom:scripting/monoscript/fileName/TMP_ExampleScript_01.cs: a9d4be556104ff54e7d240529b3e01dc -> 
  custom:video-decoder-ogg-theora: a1e56fd34408186e4bbccfd4996cb3dc -> 
  custom:scripting/monoscript/fileName/TMP_TextEventCheck.cs: 13505d917eab5868c435e0c2986dadfa -> 
  custom:scripting/monoscript/fileName/TMP_TextSelector_B.cs: ba2be21a7486d37b1011342977a2e49d -> 
  custom:scripting/monoscript/fileName/Benchmark01.cs: 2d3e2cd961730ab95f139a49a673bace -> 
  custom:framework-win-MediaFoundation: 216162199b28c13a410421893ffa2e32 -> 
  custom:scripting/monoscript/fileName/Benchmark02.cs: 5640963252ce70910e726415f869ced6 -> 
  custom:scripting/monoscript/fileName/DropdownSample.cs: 0a92251794e5f10400149f96c3c59e5d -> 
  custom:scripting/monoscript/fileName/WarpTextExample.cs: 2663459c266363641981c7d17b698d7f -> 
  custom:CustomObjectIndexerAttribute: 9a22284fe3817be447336de3de66b15e -> 
  custom:container-demuxer-webm: 4f35f7cbe854078d1ac9338744f61a02 -> 
  custom:scripting/monoscript/fileName/ChatController.cs: 876d5ccae6e345dd5d9450eb0a748f16 -> 
  custom:scripting/monoscript/fileName/TextMeshSpawner.cs: 76f28e2ddb031571e6ec62b018f65fa8 -> 
  custom:scripting/monoscript/fileName/TeleType.cs: 31fa97821c4c70f157ec81d507aa6b62 -> 
  custom:scripting/monoscript/fileName/Benchmark04.cs: 32220b148620e52aa81c13a114862bf4 -> 
  custom:container-muxer-webm: aa71ff27fc2769a1b78a27578f13a17b -> 
  custom:video-decoder-webm-vp8: 9c59270c3fd7afecdb556c50c9e8de78 -> 
  custom:scripting/monoscript/fileName/TMP_PhoneNumberValidator.cs: 7c3049f481e464c6a9a15dee56c3126f -> 
  custom:SearchIndexIgnoredProperties: e643bd26f0fe6173181afceb89e7c659 -> 
  custom:AudioImporter_EditorPlatform: d09bf68614088b80899f8185d706f6e7 -> 
  custom:scripting/monoscript/fileName/EnvMapAnimator.cs: 1b4f61c17e4b7283c3ac351aacff9d26 -> 
  custom:scripting/monoscript/fileName/ShaderPropAnimator.cs: 55ce425812446482e623ff2695c94cb2 -> 
  custom:scripting/monoscript/fileName/SimpleScript.cs: 454caab0c6c050f29b39d82e1d66d0fa -> 
  custom:scripting/monoscript/fileName/ObjectSpin.cs: 2b96bb2079dd7fa5108d981627a28e1e -> 
  custom:scripting/monoscript/fileName/CameraController.cs: 34b6be4e23ce86dc89786916c5983296 -> 
  custom:scripting/monoscript/fileName/TMP_TextInfoDebugTool.cs: 3f1709cfb2cc628169113a35b5e9be3f -> 
  custom:scripting/monoscript/fileName/TMP_TextSelector_A.cs: 347309a09d56e367b188a6978f75b424 -> 
  custom:video-encoder-webm-vp8: eb34c28f22e8b96e1ab97ce403110664 -> 
  custom:audio-decoder-ogg-vorbis: bf7c407c2cedff20999df2af8eb42d56 -> 
  custom:scripting/monoscript/fileName/VertexJitter.cs: d27eb5498e48714a66aece98da065133 -> 
  custom:scripting/monoscript/fileName/TextConsoleSimulator.cs: 33fc311abb20b5b0ed8f00e4d86b574e -> 
  custom:scripting/monoscript/fileName/VertexColorCycler.cs: 5f984ca91cf3609293aecc6bc5641572 -> 
  custom:scripting/monoscript/fileName/TMP_FrameRateCounter.cs: 46f655df8cb483ac5958307137b1585a -> 
  custom:scripting/monoscript/fileName/VertexShakeB.cs: a6f78c4fcda1a29a1a1c1baefedba9e7 -> 
  custom:scripting/monoscript/fileName/TMP_UiFrameRateCounter.cs: b01021aea19247f14a98ab338907956a -> 
  custom:scripting/monoscript/fileName/TMPro_InstructionOverlay.cs: b626d2270e6ebd5c4311585c18b58d8d -> 
  custom:scripting/monoscript/fileName/TMP_DigitValidator.cs: ac02af96215ae3951a3cce9e1a8c6085 -> 
  custom:audio-encoder-webm-vorbis: bf7c407c2cedff20999df2af8eb42d56 -> 
  custom:scripting/monoscript/fileName/Benchmark01_UGUI.cs: 6148cfe2627b7708298f301788144139 -> 
  custom:scripting/precompiled-assembly-types:Assembly-CSharp: f825853d409a0befafbc7d54a7e7aa5b -> c48c441790bd3f7ca89b9b3822d92937
  custom:scripting/monoscript/fileName/Benchmark03.cs: 17cc87e0529ac71d909a946afb47a274 -> 
========================================================================
Received Prepare
Caller must complete domain reload
Begin MonoManager ReloadAssembly
- Loaded All Assemblies, in  0.905 seconds
Native extension for WindowsStandalone target not found
Mono: successfully reloaded assembly
- Finished resetting the current domain, in  2.113 seconds
Domain Reload Profiling: 3014ms
	BeginReloadAssembly (390ms)
		ExecutionOrderSort (0ms)
		DisableScriptedObjects (15ms)
		BackupInstance (0ms)
		ReleaseScriptingObjects (0ms)
		CreateAndSetChildDomain (65ms)
	RebuildCommonClasses (106ms)
	RebuildNativeTypeToScriptingClass (27ms)
	initialDomainReloadingComplete (56ms)
	LoadAllAssembliesAndSetupDomain (320ms)
		LoadAssemblies (549ms)
		RebuildTransferFunctionScriptingTraits (0ms)
		AnalyzeDomain (20ms)
			TypeCache.Refresh (7ms)
				TypeCache.ScanAssembly (0ms)
			ScanForSourceGeneratedMonoScriptInfo (0ms)
			ResolveRequiredComponents (11ms)
	FinalizeReload (2115ms)
		ReleaseScriptCaches (0ms)
		RebuildScriptCaches (0ms)
		SetupLoadedEditorAssemblies (933ms)
			LogAssemblyErrors (0ms)
			InitializePlatformSupportModulesInManaged (15ms)
			SetLoadedEditorAssemblies (11ms)
			RefreshPlugins (0ms)
			BeforeProcessingInitializeOnLoad (138ms)
			ProcessInitializeOnLoadAttributes (701ms)
			ProcessInitializeOnLoadMethodAttributes (53ms)
			AfterProcessingInitializeOnLoad (15ms)
			EditorAssembliesLoaded (1ms)
		ExecutionOrderSort2 (0ms)
		AwakeInstancesAfterBackupRestoration (16ms)
Refreshing native plugins compatible for Editor in 8.49 ms, found 3 plugins.
Preloading 0 native plugins for Editor in 0.00 ms.
Unloading 3180 Unused Serialized files (Serialized files now loaded: 0)
Unloading 27 unused Assets / (0.7 MB). Loaded Objects now: 3713.
Memory consumption went from 196.0 MB to 195.2 MB.
Total: 6.730100 ms (FindLiveObjects: 0.579700 ms CreateObjectMapping: 0.221700 ms MarkObjects: 5.060400 ms  DeleteObjects: 0.866100 ms)

Prepare: number of updated asset objects reloaded= 0
AssetImportParameters requested are different than current active one (requested -> active):
  custom:scripting/monoscript/fileName/SkewTextExample.cs: c142d02d70a129e0533975f7c2f96956 -> 
  custom:container-demuxer-ogg: 62fdf1f143b41e24485cea50d1cbac27 -> 
  custom:scripting/monoscript/fileName/TMP_TextEventHandler.cs: f5cd9d5a43bfefc8f4fec80e6de896a4 -> 
  custom:scripting/monoscript/fileName/TextMeshProFloatingText.cs: 92608fa4a6315cd0786d82205e77b697 -> 
  custom:scripting/monoscript/fileName/VertexZoom.cs: 650ab1e81d40126e3edcf737cce646e4 -> 
  custom:video-codec-MediaFoundation-h265: 746d11721c4dcdbdad8f713fa42b33f4 -> 
  custom:scripting/monoscript/fileName/VertexShakeA.cs: 63ec564c588058369499638dd899e05b -> 
  custom:scripting/monoscript/fileName/TMP_ExampleScript_01.cs: a9d4be556104ff54e7d240529b3e01dc -> 
  custom:video-decoder-ogg-theora: a1e56fd34408186e4bbccfd4996cb3dc -> 
  custom:scripting/monoscript/fileName/TMP_TextEventCheck.cs: 13505d917eab5868c435e0c2986dadfa -> 
  custom:scripting/monoscript/fileName/TMP_TextSelector_B.cs: ba2be21a7486d37b1011342977a2e49d -> 
  custom:scripting/monoscript/fileName/Benchmark01.cs: 2d3e2cd961730ab95f139a49a673bace -> 
  custom:framework-win-MediaFoundation: 216162199b28c13a410421893ffa2e32 -> 
  custom:scripting/monoscript/fileName/Benchmark02.cs: 5640963252ce70910e726415f869ced6 -> 
  custom:scripting/monoscript/fileName/DropdownSample.cs: 0a92251794e5f10400149f96c3c59e5d -> 
  custom:scripting/monoscript/fileName/WarpTextExample.cs: 2663459c266363641981c7d17b698d7f -> 
  custom:CustomObjectIndexerAttribute: 9a22284fe3817be447336de3de66b15e -> 
  custom:container-demuxer-webm: 4f35f7cbe854078d1ac9338744f61a02 -> 
  custom:scripting/monoscript/fileName/ChatController.cs: 876d5ccae6e345dd5d9450eb0a748f16 -> 
  custom:scripting/monoscript/fileName/TextMeshSpawner.cs: 76f28e2ddb031571e6ec62b018f65fa8 -> 
  custom:scripting/monoscript/fileName/TeleType.cs: 31fa97821c4c70f157ec81d507aa6b62 -> 
  custom:scripting/monoscript/fileName/Benchmark04.cs: 32220b148620e52aa81c13a114862bf4 -> 
  custom:container-muxer-webm: aa71ff27fc2769a1b78a27578f13a17b -> 
  custom:video-decoder-webm-vp8: 9c59270c3fd7afecdb556c50c9e8de78 -> 
  custom:scripting/monoscript/fileName/TMP_PhoneNumberValidator.cs: 7c3049f481e464c6a9a15dee56c3126f -> 
  custom:SearchIndexIgnoredProperties: e643bd26f0fe6173181afceb89e7c659 -> 
  custom:AudioImporter_EditorPlatform: d09bf68614088b80899f8185d706f6e7 -> 
  custom:scripting/monoscript/fileName/EnvMapAnimator.cs: 1b4f61c17e4b7283c3ac351aacff9d26 -> 
  custom:scripting/monoscript/fileName/ShaderPropAnimator.cs: 55ce425812446482e623ff2695c94cb2 -> 
  custom:scripting/monoscript/fileName/SimpleScript.cs: 454caab0c6c050f29b39d82e1d66d0fa -> 
  custom:scripting/monoscript/fileName/ObjectSpin.cs: 2b96bb2079dd7fa5108d981627a28e1e -> 
  custom:scripting/monoscript/fileName/CameraController.cs: 34b6be4e23ce86dc89786916c5983296 -> 
  custom:scripting/monoscript/fileName/TMP_TextInfoDebugTool.cs: 3f1709cfb2cc628169113a35b5e9be3f -> 
  custom:scripting/monoscript/fileName/TMP_TextSelector_A.cs: 347309a09d56e367b188a6978f75b424 -> 
  custom:video-encoder-webm-vp8: eb34c28f22e8b96e1ab97ce403110664 -> 
  custom:audio-decoder-ogg-vorbis: bf7c407c2cedff20999df2af8eb42d56 -> 
  custom:scripting/monoscript/fileName/VertexJitter.cs: d27eb5498e48714a66aece98da065133 -> 
  custom:scripting/monoscript/fileName/TextConsoleSimulator.cs: 33fc311abb20b5b0ed8f00e4d86b574e -> 
  custom:scripting/monoscript/fileName/VertexColorCycler.cs: 5f984ca91cf3609293aecc6bc5641572 -> 
  custom:scripting/monoscript/fileName/TMP_FrameRateCounter.cs: 46f655df8cb483ac5958307137b1585a -> 
  custom:scripting/monoscript/fileName/VertexShakeB.cs: a6f78c4fcda1a29a1a1c1baefedba9e7 -> 
  custom:scripting/monoscript/fileName/TMP_UiFrameRateCounter.cs: b01021aea19247f14a98ab338907956a -> 
  custom:scripting/monoscript/fileName/TMPro_InstructionOverlay.cs: b626d2270e6ebd5c4311585c18b58d8d -> 
  custom:scripting/monoscript/fileName/TMP_DigitValidator.cs: ac02af96215ae3951a3cce9e1a8c6085 -> 
  custom:audio-encoder-webm-vorbis: bf7c407c2cedff20999df2af8eb42d56 -> 
  custom:scripting/monoscript/fileName/Benchmark01_UGUI.cs: 6148cfe2627b7708298f301788144139 -> 
  custom:scripting/precompiled-assembly-types:Assembly-CSharp: f825853d409a0befafbc7d54a7e7aa5b -> c48c441790bd3f7ca89b9b3822d92937
  custom:scripting/monoscript/fileName/Benchmark03.cs: 17cc87e0529ac71d909a946afb47a274 -> 
========================================================================
Received Prepare
Caller must complete domain reload
Begin MonoManager ReloadAssembly
- Loaded All Assemblies, in  0.674 seconds
Native extension for WindowsStandalone target not found
Mono: successfully reloaded assembly
- Finished resetting the current domain, in  1.429 seconds
Domain Reload Profiling: 2097ms
	BeginReloadAssembly (250ms)
		ExecutionOrderSort (0ms)
		DisableScriptedObjects (11ms)
		BackupInstance (0ms)
		ReleaseScriptingObjects (0ms)
		CreateAndSetChildDomain (42ms)
	RebuildCommonClasses (51ms)
	RebuildNativeTypeToScriptingClass (18ms)
	initialDomainReloadingComplete (49ms)
	LoadAllAssembliesAndSetupDomain (300ms)
		LoadAssemblies (402ms)
		RebuildTransferFunctionScriptingTraits (0ms)
		AnalyzeDomain (31ms)
			TypeCache.Refresh (10ms)
				TypeCache.ScanAssembly (1ms)
			ScanForSourceGeneratedMonoScriptInfo (10ms)
			ResolveRequiredComponents (9ms)
	FinalizeReload (1429ms)
		ReleaseScriptCaches (0ms)
		RebuildScriptCaches (0ms)
		SetupLoadedEditorAssemblies (617ms)
			LogAssemblyErrors (0ms)
			InitializePlatformSupportModulesInManaged (11ms)
			SetLoadedEditorAssemblies (6ms)
			RefreshPlugins (0ms)
			BeforeProcessingInitializeOnLoad (105ms)
			ProcessInitializeOnLoadAttributes (453ms)
			ProcessInitializeOnLoadMethodAttributes (32ms)
			AfterProcessingInitializeOnLoad (9ms)
			EditorAssembliesLoaded (0ms)
		ExecutionOrderSort2 (0ms)
		AwakeInstancesAfterBackupRestoration (9ms)
Refreshing native plugins compatible for Editor in 5.70 ms, found 3 plugins.
Preloading 0 native plugins for Editor in 0.00 ms.
Unloading 3180 Unused Serialized files (Serialized files now loaded: 0)
Unloading 27 unused Assets / (0.7 MB). Loaded Objects now: 3716.
Memory consumption went from 196.0 MB to 195.2 MB.
Total: 9.452100 ms (FindLiveObjects: 0.470800 ms CreateObjectMapping: 0.232600 ms MarkObjects: 7.466400 ms  DeleteObjects: 1.280100 ms)

Prepare: number of updated asset objects reloaded= 0
AssetImportParameters requested are different than current active one (requested -> active):
  custom:scripting/monoscript/fileName/SkewTextExample.cs: c142d02d70a129e0533975f7c2f96956 -> 
  custom:container-demuxer-ogg: 62fdf1f143b41e24485cea50d1cbac27 -> 
  custom:scripting/monoscript/fileName/TMP_TextEventHandler.cs: f5cd9d5a43bfefc8f4fec80e6de896a4 -> 
  custom:scripting/monoscript/fileName/TextMeshProFloatingText.cs: 92608fa4a6315cd0786d82205e77b697 -> 
  custom:scripting/monoscript/fileName/VertexZoom.cs: 650ab1e81d40126e3edcf737cce646e4 -> 
  custom:video-codec-MediaFoundation-h265: 746d11721c4dcdbdad8f713fa42b33f4 -> 
  custom:scripting/monoscript/fileName/VertexShakeA.cs: 63ec564c588058369499638dd899e05b -> 
  custom:scripting/monoscript/fileName/TMP_ExampleScript_01.cs: a9d4be556104ff54e7d240529b3e01dc -> 
  custom:video-decoder-ogg-theora: a1e56fd34408186e4bbccfd4996cb3dc -> 
  custom:scripting/monoscript/fileName/TMP_TextEventCheck.cs: 13505d917eab5868c435e0c2986dadfa -> 
  custom:scripting/monoscript/fileName/TMP_TextSelector_B.cs: ba2be21a7486d37b1011342977a2e49d -> 
  custom:scripting/monoscript/fileName/Benchmark01.cs: 2d3e2cd961730ab95f139a49a673bace -> 
  custom:framework-win-MediaFoundation: 216162199b28c13a410421893ffa2e32 -> 
  custom:scripting/monoscript/fileName/Benchmark02.cs: 5640963252ce70910e726415f869ced6 -> 
  custom:scripting/monoscript/fileName/DropdownSample.cs: 0a92251794e5f10400149f96c3c59e5d -> 
  custom:scripting/monoscript/fileName/WarpTextExample.cs: 2663459c266363641981c7d17b698d7f -> 
  custom:CustomObjectIndexerAttribute: 9a22284fe3817be447336de3de66b15e -> 
  custom:container-demuxer-webm: 4f35f7cbe854078d1ac9338744f61a02 -> 
  custom:scripting/monoscript/fileName/ChatController.cs: 876d5ccae6e345dd5d9450eb0a748f16 -> 
  custom:scripting/monoscript/fileName/TextMeshSpawner.cs: 76f28e2ddb031571e6ec62b018f65fa8 -> 
  custom:scripting/monoscript/fileName/TeleType.cs: 31fa97821c4c70f157ec81d507aa6b62 -> 
  custom:scripting/monoscript/fileName/Benchmark04.cs: 32220b148620e52aa81c13a114862bf4 -> 
  custom:container-muxer-webm: aa71ff27fc2769a1b78a27578f13a17b -> 
  custom:video-decoder-webm-vp8: 9c59270c3fd7afecdb556c50c9e8de78 -> 
  custom:scripting/monoscript/fileName/TMP_PhoneNumberValidator.cs: 7c3049f481e464c6a9a15dee56c3126f -> 
  custom:SearchIndexIgnoredProperties: e643bd26f0fe6173181afceb89e7c659 -> 
  custom:AudioImporter_EditorPlatform: d09bf68614088b80899f8185d706f6e7 -> 
  custom:scripting/monoscript/fileName/EnvMapAnimator.cs: 1b4f61c17e4b7283c3ac351aacff9d26 -> 
  custom:scripting/monoscript/fileName/ShaderPropAnimator.cs: 55ce425812446482e623ff2695c94cb2 -> 
  custom:scripting/monoscript/fileName/SimpleScript.cs: 454caab0c6c050f29b39d82e1d66d0fa -> 
  custom:scripting/monoscript/fileName/ObjectSpin.cs: 2b96bb2079dd7fa5108d981627a28e1e -> 
  custom:scripting/monoscript/fileName/CameraController.cs: 34b6be4e23ce86dc89786916c5983296 -> 
  custom:scripting/monoscript/fileName/TMP_TextInfoDebugTool.cs: 3f1709cfb2cc628169113a35b5e9be3f -> 
  custom:scripting/monoscript/fileName/TMP_TextSelector_A.cs: 347309a09d56e367b188a6978f75b424 -> 
  custom:video-encoder-webm-vp8: eb34c28f22e8b96e1ab97ce403110664 -> 
  custom:audio-decoder-ogg-vorbis: bf7c407c2cedff20999df2af8eb42d56 -> 
  custom:scripting/monoscript/fileName/VertexJitter.cs: d27eb5498e48714a66aece98da065133 -> 
  custom:scripting/monoscript/fileName/TextConsoleSimulator.cs: 33fc311abb20b5b0ed8f00e4d86b574e -> 
  custom:scripting/monoscript/fileName/VertexColorCycler.cs: 5f984ca91cf3609293aecc6bc5641572 -> 
  custom:scripting/monoscript/fileName/TMP_FrameRateCounter.cs: 46f655df8cb483ac5958307137b1585a -> 
  custom:scripting/monoscript/fileName/VertexShakeB.cs: a6f78c4fcda1a29a1a1c1baefedba9e7 -> 
  custom:scripting/monoscript/fileName/TMP_UiFrameRateCounter.cs: b01021aea19247f14a98ab338907956a -> 
  custom:scripting/monoscript/fileName/TMPro_InstructionOverlay.cs: b626d2270e6ebd5c4311585c18b58d8d -> 
  custom:scripting/monoscript/fileName/TMP_DigitValidator.cs: ac02af96215ae3951a3cce9e1a8c6085 -> 
  custom:audio-encoder-webm-vorbis: bf7c407c2cedff20999df2af8eb42d56 -> 
  custom:scripting/monoscript/fileName/Benchmark01_UGUI.cs: 6148cfe2627b7708298f301788144139 -> 
  custom:scripting/precompiled-assembly-types:Assembly-CSharp: f825853d409a0befafbc7d54a7e7aa5b -> c48c441790bd3f7ca89b9b3822d92937
  custom:scripting/monoscript/fileName/Benchmark03.cs: 17cc87e0529ac71d909a946afb47a274 -> 
========================================================================
Received Prepare
Caller must complete domain reload
Begin MonoManager ReloadAssembly
- Loaded All Assemblies, in  0.690 seconds
Native extension for WindowsStandalone target not found
Mono: successfully reloaded assembly
- Finished resetting the current domain, in  1.465 seconds
Domain Reload Profiling: 2151ms
	BeginReloadAssembly (228ms)
		ExecutionOrderSort (0ms)
		DisableScriptedObjects (10ms)
		BackupInstance (0ms)
		ReleaseScriptingObjects (0ms)
		CreateAndSetChildDomain (41ms)
	RebuildCommonClasses (70ms)
	RebuildNativeTypeToScriptingClass (23ms)
	initialDomainReloadingComplete (54ms)
	LoadAllAssembliesAndSetupDomain (311ms)
		LoadAssemblies (409ms)
		RebuildTransferFunctionScriptingTraits (0ms)
		AnalyzeDomain (33ms)
			TypeCache.Refresh (10ms)
				TypeCache.ScanAssembly (1ms)
			ScanForSourceGeneratedMonoScriptInfo (10ms)
			ResolveRequiredComponents (11ms)
	FinalizeReload (1466ms)
		ReleaseScriptCaches (0ms)
		RebuildScriptCaches (0ms)
		SetupLoadedEditorAssemblies (662ms)
			LogAssemblyErrors (0ms)
			InitializePlatformSupportModulesInManaged (8ms)
			SetLoadedEditorAssemblies (7ms)
			RefreshPlugins (0ms)
			BeforeProcessingInitializeOnLoad (124ms)
			ProcessInitializeOnLoadAttributes (467ms)
			ProcessInitializeOnLoadMethodAttributes (40ms)
			AfterProcessingInitializeOnLoad (16ms)
			EditorAssembliesLoaded (0ms)
		ExecutionOrderSort2 (0ms)
		AwakeInstancesAfterBackupRestoration (13ms)
Refreshing native plugins compatible for Editor in 10.88 ms, found 3 plugins.
Preloading 0 native plugins for Editor in 0.00 ms.
Unloading 3180 Unused Serialized files (Serialized files now loaded: 0)
Unloading 27 unused Assets / (0.7 MB). Loaded Objects now: 3719.
Memory consumption went from 196.0 MB to 195.2 MB.
Total: 12.154700 ms (FindLiveObjects: 0.625200 ms CreateObjectMapping: 0.321100 ms MarkObjects: 10.346400 ms  DeleteObjects: 0.860100 ms)

Prepare: number of updated asset objects reloaded= 0
AssetImportParameters requested are different than current active one (requested -> active):
  custom:scripting/monoscript/fileName/SkewTextExample.cs: c142d02d70a129e0533975f7c2f96956 -> 
  custom:container-demuxer-ogg: 62fdf1f143b41e24485cea50d1cbac27 -> 
  custom:scripting/monoscript/fileName/TMP_TextEventHandler.cs: f5cd9d5a43bfefc8f4fec80e6de896a4 -> 
  custom:scripting/monoscript/fileName/TextMeshProFloatingText.cs: 92608fa4a6315cd0786d82205e77b697 -> 
  custom:scripting/monoscript/fileName/VertexZoom.cs: 650ab1e81d40126e3edcf737cce646e4 -> 
  custom:video-codec-MediaFoundation-h265: 746d11721c4dcdbdad8f713fa42b33f4 -> 
  custom:scripting/monoscript/fileName/VertexShakeA.cs: 63ec564c588058369499638dd899e05b -> 
  custom:scripting/monoscript/fileName/TMP_ExampleScript_01.cs: a9d4be556104ff54e7d240529b3e01dc -> 
  custom:video-decoder-ogg-theora: a1e56fd34408186e4bbccfd4996cb3dc -> 
  custom:scripting/monoscript/fileName/TMP_TextEventCheck.cs: 13505d917eab5868c435e0c2986dadfa -> 
  custom:scripting/monoscript/fileName/TMP_TextSelector_B.cs: ba2be21a7486d37b1011342977a2e49d -> 
  custom:scripting/monoscript/fileName/Benchmark01.cs: 2d3e2cd961730ab95f139a49a673bace -> 
  custom:framework-win-MediaFoundation: 216162199b28c13a410421893ffa2e32 -> 
  custom:scripting/monoscript/fileName/Benchmark02.cs: 5640963252ce70910e726415f869ced6 -> 
  custom:scripting/monoscript/fileName/DropdownSample.cs: 0a92251794e5f10400149f96c3c59e5d -> 
  custom:scripting/monoscript/fileName/WarpTextExample.cs: 2663459c266363641981c7d17b698d7f -> 
  custom:CustomObjectIndexerAttribute: 9a22284fe3817be447336de3de66b15e -> 
  custom:container-demuxer-webm: 4f35f7cbe854078d1ac9338744f61a02 -> 
  custom:scripting/monoscript/fileName/ChatController.cs: 876d5ccae6e345dd5d9450eb0a748f16 -> 
  custom:scripting/monoscript/fileName/TextMeshSpawner.cs: 76f28e2ddb031571e6ec62b018f65fa8 -> 
  custom:scripting/monoscript/fileName/TeleType.cs: 31fa97821c4c70f157ec81d507aa6b62 -> 
  custom:scripting/monoscript/fileName/Benchmark04.cs: 32220b148620e52aa81c13a114862bf4 -> 
  custom:container-muxer-webm: aa71ff27fc2769a1b78a27578f13a17b -> 
  custom:video-decoder-webm-vp8: 9c59270c3fd7afecdb556c50c9e8de78 -> 
  custom:scripting/monoscript/fileName/TMP_PhoneNumberValidator.cs: 7c3049f481e464c6a9a15dee56c3126f -> 
  custom:SearchIndexIgnoredProperties: e643bd26f0fe6173181afceb89e7c659 -> 
  custom:AudioImporter_EditorPlatform: d09bf68614088b80899f8185d706f6e7 -> 
  custom:scripting/monoscript/fileName/EnvMapAnimator.cs: 1b4f61c17e4b7283c3ac351aacff9d26 -> 
  custom:scripting/monoscript/fileName/ShaderPropAnimator.cs: 55ce425812446482e623ff2695c94cb2 -> 
  custom:scripting/monoscript/fileName/SimpleScript.cs: 454caab0c6c050f29b39d82e1d66d0fa -> 
  custom:scripting/monoscript/fileName/ObjectSpin.cs: 2b96bb2079dd7fa5108d981627a28e1e -> 
  custom:scripting/monoscript/fileName/CameraController.cs: 34b6be4e23ce86dc89786916c5983296 -> 
  custom:scripting/monoscript/fileName/TMP_TextInfoDebugTool.cs: 3f1709cfb2cc628169113a35b5e9be3f -> 
  custom:scripting/monoscript/fileName/TMP_TextSelector_A.cs: 347309a09d56e367b188a6978f75b424 -> 
  custom:video-encoder-webm-vp8: eb34c28f22e8b96e1ab97ce403110664 -> 
  custom:audio-decoder-ogg-vorbis: bf7c407c2cedff20999df2af8eb42d56 -> 
  custom:scripting/monoscript/fileName/VertexJitter.cs: d27eb5498e48714a66aece98da065133 -> 
  custom:scripting/monoscript/fileName/TextConsoleSimulator.cs: 33fc311abb20b5b0ed8f00e4d86b574e -> 
  custom:scripting/monoscript/fileName/VertexColorCycler.cs: 5f984ca91cf3609293aecc6bc5641572 -> 
  custom:scripting/monoscript/fileName/TMP_FrameRateCounter.cs: 46f655df8cb483ac5958307137b1585a -> 
  custom:scripting/monoscript/fileName/VertexShakeB.cs: a6f78c4fcda1a29a1a1c1baefedba9e7 -> 
  custom:scripting/monoscript/fileName/TMP_UiFrameRateCounter.cs: b01021aea19247f14a98ab338907956a -> 
  custom:scripting/monoscript/fileName/TMPro_InstructionOverlay.cs: b626d2270e6ebd5c4311585c18b58d8d -> 
  custom:scripting/monoscript/fileName/TMP_DigitValidator.cs: ac02af96215ae3951a3cce9e1a8c6085 -> 
  custom:audio-encoder-webm-vorbis: bf7c407c2cedff20999df2af8eb42d56 -> 
  custom:scripting/monoscript/fileName/Benchmark01_UGUI.cs: 6148cfe2627b7708298f301788144139 -> 
  custom:scripting/precompiled-assembly-types:Assembly-CSharp: f825853d409a0befafbc7d54a7e7aa5b -> c48c441790bd3f7ca89b9b3822d92937
  custom:scripting/monoscript/fileName/Benchmark03.cs: 17cc87e0529ac71d909a946afb47a274 -> 
========================================================================
Received Prepare
Caller must complete domain reload
Begin MonoManager ReloadAssembly
- Loaded All Assemblies, in  0.739 seconds
Native extension for WindowsStandalone target not found
Mono: successfully reloaded assembly
- Finished resetting the current domain, in  2.069 seconds
Domain Reload Profiling: 2806ms
	BeginReloadAssembly (244ms)
		ExecutionOrderSort (0ms)
		DisableScriptedObjects (11ms)
		BackupInstance (0ms)
		ReleaseScriptingObjects (0ms)
		CreateAndSetChildDomain (46ms)
	RebuildCommonClasses (68ms)
	RebuildNativeTypeToScriptingClass (22ms)
	initialDomainReloadingComplete (54ms)
	LoadAllAssembliesAndSetupDomain (347ms)
		LoadAssemblies (466ms)
		RebuildTransferFunctionScriptingTraits (0ms)
		AnalyzeDomain (22ms)
			TypeCache.Refresh (8ms)
				TypeCache.ScanAssembly (0ms)
			ScanForSourceGeneratedMonoScriptInfo (0ms)
			ResolveRequiredComponents (11ms)
	FinalizeReload (2071ms)
		ReleaseScriptCaches (0ms)
		RebuildScriptCaches (0ms)
		SetupLoadedEditorAssemblies (871ms)
			LogAssemblyErrors (0ms)
			InitializePlatformSupportModulesInManaged (13ms)
			SetLoadedEditorAssemblies (9ms)
			RefreshPlugins (0ms)
			BeforeProcessingInitializeOnLoad (135ms)
			ProcessInitializeOnLoadAttributes (649ms)
			ProcessInitializeOnLoadMethodAttributes (49ms)
			AfterProcessingInitializeOnLoad (16ms)
			EditorAssembliesLoaded (0ms)
		ExecutionOrderSort2 (0ms)
		AwakeInstancesAfterBackupRestoration (15ms)
Refreshing native plugins compatible for Editor in 8.66 ms, found 3 plugins.
Preloading 0 native plugins for Editor in 0.00 ms.
Unloading 3180 Unused Serialized files (Serialized files now loaded: 0)
Unloading 27 unused Assets / (0.7 MB). Loaded Objects now: 3722.
Memory consumption went from 196.0 MB to 195.2 MB.
Total: 7.902900 ms (FindLiveObjects: 0.584000 ms CreateObjectMapping: 0.151400 ms MarkObjects: 6.239800 ms  DeleteObjects: 0.924600 ms)

Prepare: number of updated asset objects reloaded= 0
AssetImportParameters requested are different than current active one (requested -> active):
  custom:scripting/monoscript/fileName/SkewTextExample.cs: c142d02d70a129e0533975f7c2f96956 -> 
  custom:container-demuxer-ogg: 62fdf1f143b41e24485cea50d1cbac27 -> 
  custom:scripting/monoscript/fileName/TMP_TextEventHandler.cs: f5cd9d5a43bfefc8f4fec80e6de896a4 -> 
  custom:scripting/monoscript/fileName/TextMeshProFloatingText.cs: 92608fa4a6315cd0786d82205e77b697 -> 
  custom:scripting/monoscript/fileName/VertexZoom.cs: 650ab1e81d40126e3edcf737cce646e4 -> 
  custom:video-codec-MediaFoundation-h265: 746d11721c4dcdbdad8f713fa42b33f4 -> 
  custom:scripting/monoscript/fileName/VertexShakeA.cs: 63ec564c588058369499638dd899e05b -> 
  custom:scripting/monoscript/fileName/TMP_ExampleScript_01.cs: a9d4be556104ff54e7d240529b3e01dc -> 
  custom:video-decoder-ogg-theora: a1e56fd34408186e4bbccfd4996cb3dc -> 
  custom:scripting/monoscript/fileName/TMP_TextEventCheck.cs: 13505d917eab5868c435e0c2986dadfa -> 
  custom:scripting/monoscript/fileName/TMP_TextSelector_B.cs: ba2be21a7486d37b1011342977a2e49d -> 
  custom:scripting/monoscript/fileName/Benchmark01.cs: 2d3e2cd961730ab95f139a49a673bace -> 
  custom:framework-win-MediaFoundation: 216162199b28c13a410421893ffa2e32 -> 
  custom:scripting/monoscript/fileName/Benchmark02.cs: 5640963252ce70910e726415f869ced6 -> 
  custom:scripting/monoscript/fileName/DropdownSample.cs: 0a92251794e5f10400149f96c3c59e5d -> 
  custom:scripting/monoscript/fileName/WarpTextExample.cs: 2663459c266363641981c7d17b698d7f -> 
  custom:CustomObjectIndexerAttribute: 9a22284fe3817be447336de3de66b15e -> 
  custom:container-demuxer-webm: 4f35f7cbe854078d1ac9338744f61a02 -> 
  custom:scripting/monoscript/fileName/ChatController.cs: 876d5ccae6e345dd5d9450eb0a748f16 -> 
  custom:scripting/monoscript/fileName/TextMeshSpawner.cs: 76f28e2ddb031571e6ec62b018f65fa8 -> 
  custom:scripting/monoscript/fileName/TeleType.cs: 31fa97821c4c70f157ec81d507aa6b62 -> 
  custom:scripting/monoscript/fileName/Benchmark04.cs: 32220b148620e52aa81c13a114862bf4 -> 
  custom:container-muxer-webm: aa71ff27fc2769a1b78a27578f13a17b -> 
  custom:video-decoder-webm-vp8: 9c59270c3fd7afecdb556c50c9e8de78 -> 
  custom:scripting/monoscript/fileName/TMP_PhoneNumberValidator.cs: 7c3049f481e464c6a9a15dee56c3126f -> 
  custom:SearchIndexIgnoredProperties: e643bd26f0fe6173181afceb89e7c659 -> 
  custom:AudioImporter_EditorPlatform: d09bf68614088b80899f8185d706f6e7 -> 
  custom:scripting/monoscript/fileName/EnvMapAnimator.cs: 1b4f61c17e4b7283c3ac351aacff9d26 -> 
  custom:scripting/monoscript/fileName/ShaderPropAnimator.cs: 55ce425812446482e623ff2695c94cb2 -> 
  custom:scripting/monoscript/fileName/SimpleScript.cs: 454caab0c6c050f29b39d82e1d66d0fa -> 
  custom:scripting/monoscript/fileName/ObjectSpin.cs: 2b96bb2079dd7fa5108d981627a28e1e -> 
  custom:scripting/monoscript/fileName/CameraController.cs: 34b6be4e23ce86dc89786916c5983296 -> 
  custom:scripting/monoscript/fileName/TMP_TextInfoDebugTool.cs: 3f1709cfb2cc628169113a35b5e9be3f -> 
  custom:scripting/monoscript/fileName/TMP_TextSelector_A.cs: 347309a09d56e367b188a6978f75b424 -> 
  custom:video-encoder-webm-vp8: eb34c28f22e8b96e1ab97ce403110664 -> 
  custom:audio-decoder-ogg-vorbis: bf7c407c2cedff20999df2af8eb42d56 -> 
  custom:scripting/monoscript/fileName/VertexJitter.cs: d27eb5498e48714a66aece98da065133 -> 
  custom:scripting/monoscript/fileName/TextConsoleSimulator.cs: 33fc311abb20b5b0ed8f00e4d86b574e -> 
  custom:scripting/monoscript/fileName/VertexColorCycler.cs: 5f984ca91cf3609293aecc6bc5641572 -> 
  custom:scripting/monoscript/fileName/TMP_FrameRateCounter.cs: 46f655df8cb483ac5958307137b1585a -> 
  custom:scripting/monoscript/fileName/VertexShakeB.cs: a6f78c4fcda1a29a1a1c1baefedba9e7 -> 
  custom:scripting/monoscript/fileName/TMP_UiFrameRateCounter.cs: b01021aea19247f14a98ab338907956a -> 
  custom:scripting/monoscript/fileName/TMPro_InstructionOverlay.cs: b626d2270e6ebd5c4311585c18b58d8d -> 
  custom:scripting/monoscript/fileName/TMP_DigitValidator.cs: ac02af96215ae3951a3cce9e1a8c6085 -> 
  custom:audio-encoder-webm-vorbis: bf7c407c2cedff20999df2af8eb42d56 -> 
  custom:scripting/monoscript/fileName/Benchmark01_UGUI.cs: 6148cfe2627b7708298f301788144139 -> 
  custom:scripting/precompiled-assembly-types:Assembly-CSharp: f825853d409a0befafbc7d54a7e7aa5b -> c48c441790bd3f7ca89b9b3822d92937
  custom:scripting/monoscript/fileName/Benchmark03.cs: 17cc87e0529ac71d909a946afb47a274 -> 
========================================================================
Received Prepare
Caller must complete domain reload
Begin MonoManager ReloadAssembly
- Loaded All Assemblies, in  0.649 seconds
Native extension for WindowsStandalone target not found
Mono: successfully reloaded assembly
- Finished resetting the current domain, in  1.494 seconds
Domain Reload Profiling: 2138ms
	BeginReloadAssembly (242ms)
		ExecutionOrderSort (0ms)
		DisableScriptedObjects (9ms)
		BackupInstance (0ms)
		ReleaseScriptingObjects (0ms)
		CreateAndSetChildDomain (42ms)
	RebuildCommonClasses (57ms)
	RebuildNativeTypeToScriptingClass (18ms)
	initialDomainReloadingComplete (45ms)
	LoadAllAssembliesAndSetupDomain (281ms)
		LoadAssemblies (380ms)
		RebuildTransferFunctionScriptingTraits (0ms)
		AnalyzeDomain (32ms)
			TypeCache.Refresh (9ms)
				TypeCache.ScanAssembly (1ms)
			ScanForSourceGeneratedMonoScriptInfo (11ms)
			ResolveRequiredComponents (10ms)
	FinalizeReload (1495ms)
		ReleaseScriptCaches (0ms)
		RebuildScriptCaches (0ms)
		SetupLoadedEditorAssemblies (675ms)
			LogAssemblyErrors (0ms)
			InitializePlatformSupportModulesInManaged (10ms)
			SetLoadedEditorAssemblies (7ms)
			RefreshPlugins (0ms)
			BeforeProcessingInitializeOnLoad (106ms)
			ProcessInitializeOnLoadAttributes (503ms)
			ProcessInitializeOnLoadMethodAttributes (38ms)
			AfterProcessingInitializeOnLoad (11ms)
			EditorAssembliesLoaded (0ms)
		ExecutionOrderSort2 (0ms)
		AwakeInstancesAfterBackupRestoration (12ms)
Refreshing native plugins compatible for Editor in 15.20 ms, found 3 plugins.
Preloading 0 native plugins for Editor in 0.00 ms.
Unloading 3180 Unused Serialized files (Serialized files now loaded: 0)
Unloading 27 unused Assets / (0.7 MB). Loaded Objects now: 3725.
Memory consumption went from 196.0 MB to 195.2 MB.
Total: 4.267000 ms (FindLiveObjects: 0.382900 ms CreateObjectMapping: 0.175400 ms MarkObjects: 3.221400 ms  DeleteObjects: 0.485800 ms)

Prepare: number of updated asset objects reloaded= 0
AssetImportParameters requested are different than current active one (requested -> active):
  custom:scripting/monoscript/fileName/SkewTextExample.cs: c142d02d70a129e0533975f7c2f96956 -> 
  custom:container-demuxer-ogg: 62fdf1f143b41e24485cea50d1cbac27 -> 
  custom:scripting/monoscript/fileName/TMP_TextEventHandler.cs: f5cd9d5a43bfefc8f4fec80e6de896a4 -> 
  custom:scripting/monoscript/fileName/TextMeshProFloatingText.cs: 92608fa4a6315cd0786d82205e77b697 -> 
  custom:scripting/monoscript/fileName/VertexZoom.cs: 650ab1e81d40126e3edcf737cce646e4 -> 
  custom:video-codec-MediaFoundation-h265: 746d11721c4dcdbdad8f713fa42b33f4 -> 
  custom:scripting/monoscript/fileName/VertexShakeA.cs: 63ec564c588058369499638dd899e05b -> 
  custom:scripting/monoscript/fileName/TMP_ExampleScript_01.cs: a9d4be556104ff54e7d240529b3e01dc -> 
  custom:video-decoder-ogg-theora: a1e56fd34408186e4bbccfd4996cb3dc -> 
  custom:scripting/monoscript/fileName/TMP_TextEventCheck.cs: 13505d917eab5868c435e0c2986dadfa -> 
  custom:scripting/monoscript/fileName/TMP_TextSelector_B.cs: ba2be21a7486d37b1011342977a2e49d -> 
  custom:scripting/monoscript/fileName/Benchmark01.cs: 2d3e2cd961730ab95f139a49a673bace -> 
  custom:framework-win-MediaFoundation: 216162199b28c13a410421893ffa2e32 -> 
  custom:scripting/monoscript/fileName/Benchmark02.cs: 5640963252ce70910e726415f869ced6 -> 
  custom:scripting/monoscript/fileName/DropdownSample.cs: 0a92251794e5f10400149f96c3c59e5d -> 
  custom:scripting/monoscript/fileName/WarpTextExample.cs: 2663459c266363641981c7d17b698d7f -> 
  custom:CustomObjectIndexerAttribute: 9a22284fe3817be447336de3de66b15e -> 
  custom:container-demuxer-webm: 4f35f7cbe854078d1ac9338744f61a02 -> 
  custom:scripting/monoscript/fileName/ChatController.cs: 876d5ccae6e345dd5d9450eb0a748f16 -> 
  custom:scripting/monoscript/fileName/TextMeshSpawner.cs: 76f28e2ddb031571e6ec62b018f65fa8 -> 
  custom:scripting/monoscript/fileName/TeleType.cs: 31fa97821c4c70f157ec81d507aa6b62 -> 
  custom:scripting/monoscript/fileName/Benchmark04.cs: 32220b148620e52aa81c13a114862bf4 -> 
  custom:container-muxer-webm: aa71ff27fc2769a1b78a27578f13a17b -> 
  custom:video-decoder-webm-vp8: 9c59270c3fd7afecdb556c50c9e8de78 -> 
  custom:scripting/monoscript/fileName/TMP_PhoneNumberValidator.cs: 7c3049f481e464c6a9a15dee56c3126f -> 
  custom:SearchIndexIgnoredProperties: e643bd26f0fe6173181afceb89e7c659 -> 
  custom:AudioImporter_EditorPlatform: d09bf68614088b80899f8185d706f6e7 -> 
  custom:scripting/monoscript/fileName/EnvMapAnimator.cs: 1b4f61c17e4b7283c3ac351aacff9d26 -> 
  custom:scripting/monoscript/fileName/ShaderPropAnimator.cs: 55ce425812446482e623ff2695c94cb2 -> 
  custom:scripting/monoscript/fileName/SimpleScript.cs: 454caab0c6c050f29b39d82e1d66d0fa -> 
  custom:scripting/monoscript/fileName/ObjectSpin.cs: 2b96bb2079dd7fa5108d981627a28e1e -> 
  custom:scripting/monoscript/fileName/CameraController.cs: 34b6be4e23ce86dc89786916c5983296 -> 
  custom:scripting/monoscript/fileName/TMP_TextInfoDebugTool.cs: 3f1709cfb2cc628169113a35b5e9be3f -> 
  custom:scripting/monoscript/fileName/TMP_TextSelector_A.cs: 347309a09d56e367b188a6978f75b424 -> 
  custom:video-encoder-webm-vp8: eb34c28f22e8b96e1ab97ce403110664 -> 
  custom:audio-decoder-ogg-vorbis: bf7c407c2cedff20999df2af8eb42d56 -> 
  custom:scripting/monoscript/fileName/VertexJitter.cs: d27eb5498e48714a66aece98da065133 -> 
  custom:scripting/monoscript/fileName/TextConsoleSimulator.cs: 33fc311abb20b5b0ed8f00e4d86b574e -> 
  custom:scripting/monoscript/fileName/VertexColorCycler.cs: 5f984ca91cf3609293aecc6bc5641572 -> 
  custom:scripting/monoscript/fileName/TMP_FrameRateCounter.cs: 46f655df8cb483ac5958307137b1585a -> 
  custom:scripting/monoscript/fileName/VertexShakeB.cs: a6f78c4fcda1a29a1a1c1baefedba9e7 -> 
  custom:scripting/monoscript/fileName/TMP_UiFrameRateCounter.cs: b01021aea19247f14a98ab338907956a -> 
  custom:scripting/monoscript/fileName/TMPro_InstructionOverlay.cs: b626d2270e6ebd5c4311585c18b58d8d -> 
  custom:scripting/monoscript/fileName/TMP_DigitValidator.cs: ac02af96215ae3951a3cce9e1a8c6085 -> 
  custom:audio-encoder-webm-vorbis: bf7c407c2cedff20999df2af8eb42d56 -> 
  custom:scripting/monoscript/fileName/Benchmark01_UGUI.cs: 6148cfe2627b7708298f301788144139 -> 
  custom:scripting/precompiled-assembly-types:Assembly-CSharp: f825853d409a0befafbc7d54a7e7aa5b -> c48c441790bd3f7ca89b9b3822d92937
  custom:scripting/monoscript/fileName/Benchmark03.cs: 17cc87e0529ac71d909a946afb47a274 -> 
========================================================================
Received Prepare
Caller must complete domain reload
Begin MonoManager ReloadAssembly
- Loaded All Assemblies, in  0.649 seconds
Native extension for WindowsStandalone target not found
Mono: successfully reloaded assembly
- Finished resetting the current domain, in  2.238 seconds
Domain Reload Profiling: 2884ms
	BeginReloadAssembly (234ms)
		ExecutionOrderSort (0ms)
		DisableScriptedObjects (11ms)
		BackupInstance (0ms)
		ReleaseScriptingObjects (0ms)
		CreateAndSetChildDomain (41ms)
	RebuildCommonClasses (55ms)
	RebuildNativeTypeToScriptingClass (15ms)
	initialDomainReloadingComplete (51ms)
	LoadAllAssembliesAndSetupDomain (289ms)
		LoadAssemblies (407ms)
		RebuildTransferFunctionScriptingTraits (0ms)
		AnalyzeDomain (19ms)
			TypeCache.Refresh (7ms)
				TypeCache.ScanAssembly (0ms)
			ScanForSourceGeneratedMonoScriptInfo (0ms)
			ResolveRequiredComponents (9ms)
	FinalizeReload (2239ms)
		ReleaseScriptCaches (0ms)
		RebuildScriptCaches (0ms)
		SetupLoadedEditorAssemblies (1075ms)
			LogAssemblyErrors (0ms)
			InitializePlatformSupportModulesInManaged (15ms)
			SetLoadedEditorAssemblies (11ms)
			RefreshPlugins (0ms)
			BeforeProcessingInitializeOnLoad (142ms)
			ProcessInitializeOnLoadAttributes (836ms)
			ProcessInitializeOnLoadMethodAttributes (54ms)
			AfterProcessingInitializeOnLoad (17ms)
			EditorAssembliesLoaded (0ms)
		ExecutionOrderSort2 (0ms)
		AwakeInstancesAfterBackupRestoration (17ms)
Refreshing native plugins compatible for Editor in 10.83 ms, found 3 plugins.
Preloading 0 native plugins for Editor in 0.00 ms.
Unloading 3180 Unused Serialized files (Serialized files now loaded: 0)
Unloading 27 unused Assets / (0.7 MB). Loaded Objects now: 3728.
Memory consumption went from 196.0 MB to 195.2 MB.
Total: 6.627200 ms (FindLiveObjects: 0.509400 ms CreateObjectMapping: 0.179400 ms MarkObjects: 5.278900 ms  DeleteObjects: 0.657300 ms)

Prepare: number of updated asset objects reloaded= 0
AssetImportParameters requested are different than current active one (requested -> active):
  custom:scripting/monoscript/fileName/SkewTextExample.cs: c142d02d70a129e0533975f7c2f96956 -> 
  custom:container-demuxer-ogg: 62fdf1f143b41e24485cea50d1cbac27 -> 
  custom:scripting/monoscript/fileName/TMP_TextEventHandler.cs: f5cd9d5a43bfefc8f4fec80e6de896a4 -> 
  custom:scripting/monoscript/fileName/TextMeshProFloatingText.cs: 92608fa4a6315cd0786d82205e77b697 -> 
  custom:scripting/monoscript/fileName/VertexZoom.cs: 650ab1e81d40126e3edcf737cce646e4 -> 
  custom:video-codec-MediaFoundation-h265: 746d11721c4dcdbdad8f713fa42b33f4 -> 
  custom:scripting/monoscript/fileName/VertexShakeA.cs: 63ec564c588058369499638dd899e05b -> 
  custom:scripting/monoscript/fileName/TMP_ExampleScript_01.cs: a9d4be556104ff54e7d240529b3e01dc -> 
  custom:video-decoder-ogg-theora: a1e56fd34408186e4bbccfd4996cb3dc -> 
  custom:scripting/monoscript/fileName/TMP_TextEventCheck.cs: 13505d917eab5868c435e0c2986dadfa -> 
  custom:scripting/monoscript/fileName/TMP_TextSelector_B.cs: ba2be21a7486d37b1011342977a2e49d -> 
  custom:scripting/monoscript/fileName/Benchmark01.cs: 2d3e2cd961730ab95f139a49a673bace -> 
  custom:framework-win-MediaFoundation: 216162199b28c13a410421893ffa2e32 -> 
  custom:scripting/monoscript/fileName/Benchmark02.cs: 5640963252ce70910e726415f869ced6 -> 
  custom:scripting/monoscript/fileName/DropdownSample.cs: 0a92251794e5f10400149f96c3c59e5d -> 
  custom:scripting/monoscript/fileName/WarpTextExample.cs: 2663459c266363641981c7d17b698d7f -> 
  custom:CustomObjectIndexerAttribute: 9a22284fe3817be447336de3de66b15e -> 
  custom:container-demuxer-webm: 4f35f7cbe854078d1ac9338744f61a02 -> 
  custom:scripting/monoscript/fileName/ChatController.cs: 876d5ccae6e345dd5d9450eb0a748f16 -> 
  custom:scripting/monoscript/fileName/TextMeshSpawner.cs: 76f28e2ddb031571e6ec62b018f65fa8 -> 
  custom:scripting/monoscript/fileName/TeleType.cs: 31fa97821c4c70f157ec81d507aa6b62 -> 
  custom:scripting/monoscript/fileName/Benchmark04.cs: 32220b148620e52aa81c13a114862bf4 -> 
  custom:container-muxer-webm: aa71ff27fc2769a1b78a27578f13a17b -> 
  custom:video-decoder-webm-vp8: 9c59270c3fd7afecdb556c50c9e8de78 -> 
  custom:scripting/monoscript/fileName/TMP_PhoneNumberValidator.cs: 7c3049f481e464c6a9a15dee56c3126f -> 
  custom:SearchIndexIgnoredProperties: e643bd26f0fe6173181afceb89e7c659 -> 
  custom:AudioImporter_EditorPlatform: d09bf68614088b80899f8185d706f6e7 -> 
  custom:scripting/monoscript/fileName/EnvMapAnimator.cs: 1b4f61c17e4b7283c3ac351aacff9d26 -> 
  custom:scripting/monoscript/fileName/ShaderPropAnimator.cs: 55ce425812446482e623ff2695c94cb2 -> 
  custom:scripting/monoscript/fileName/SimpleScript.cs: 454caab0c6c050f29b39d82e1d66d0fa -> 
  custom:scripting/monoscript/fileName/ObjectSpin.cs: 2b96bb2079dd7fa5108d981627a28e1e -> 
  custom:scripting/monoscript/fileName/CameraController.cs: 34b6be4e23ce86dc89786916c5983296 -> 
  custom:scripting/monoscript/fileName/TMP_TextInfoDebugTool.cs: 3f1709cfb2cc628169113a35b5e9be3f -> 
  custom:scripting/monoscript/fileName/TMP_TextSelector_A.cs: 347309a09d56e367b188a6978f75b424 -> 
  custom:video-encoder-webm-vp8: eb34c28f22e8b96e1ab97ce403110664 -> 
  custom:audio-decoder-ogg-vorbis: bf7c407c2cedff20999df2af8eb42d56 -> 
  custom:scripting/monoscript/fileName/VertexJitter.cs: d27eb5498e48714a66aece98da065133 -> 
  custom:scripting/monoscript/fileName/TextConsoleSimulator.cs: 33fc311abb20b5b0ed8f00e4d86b574e -> 
  custom:scripting/monoscript/fileName/VertexColorCycler.cs: 5f984ca91cf3609293aecc6bc5641572 -> 
  custom:scripting/monoscript/fileName/TMP_FrameRateCounter.cs: 46f655df8cb483ac5958307137b1585a -> 
  custom:scripting/monoscript/fileName/VertexShakeB.cs: a6f78c4fcda1a29a1a1c1baefedba9e7 -> 
  custom:scripting/monoscript/fileName/TMP_UiFrameRateCounter.cs: b01021aea19247f14a98ab338907956a -> 
  custom:scripting/monoscript/fileName/TMPro_InstructionOverlay.cs: b626d2270e6ebd5c4311585c18b58d8d -> 
  custom:scripting/monoscript/fileName/TMP_DigitValidator.cs: ac02af96215ae3951a3cce9e1a8c6085 -> 
  custom:audio-encoder-webm-vorbis: bf7c407c2cedff20999df2af8eb42d56 -> 
  custom:scripting/monoscript/fileName/Benchmark01_UGUI.cs: 6148cfe2627b7708298f301788144139 -> 
  custom:scripting/precompiled-assembly-types:Assembly-CSharp: f825853d409a0befafbc7d54a7e7aa5b -> c48c441790bd3f7ca89b9b3822d92937
  custom:scripting/monoscript/fileName/Benchmark03.cs: 17cc87e0529ac71d909a946afb47a274 -> 
========================================================================
Received Prepare
Caller must complete domain reload
Begin MonoManager ReloadAssembly
- Loaded All Assemblies, in  0.648 seconds
Native extension for WindowsStandalone target not found
Mono: successfully reloaded assembly
- Finished resetting the current domain, in  1.754 seconds
Domain Reload Profiling: 2399ms
	BeginReloadAssembly (231ms)
		ExecutionOrderSort (0ms)
		DisableScriptedObjects (8ms)
		BackupInstance (0ms)
		ReleaseScriptingObjects (0ms)
		CreateAndSetChildDomain (42ms)
	RebuildCommonClasses (60ms)
	RebuildNativeTypeToScriptingClass (20ms)
	initialDomainReloadingComplete (39ms)
	LoadAllAssembliesAndSetupDomain (294ms)
		LoadAssemblies (392ms)
		RebuildTransferFunctionScriptingTraits (0ms)
		AnalyzeDomain (40ms)
			TypeCache.Refresh (13ms)
				TypeCache.ScanAssembly (1ms)
			ScanForSourceGeneratedMonoScriptInfo (12ms)
			ResolveRequiredComponents (13ms)
	FinalizeReload (1755ms)
		ReleaseScriptCaches (0ms)
		RebuildScriptCaches (0ms)
		SetupLoadedEditorAssemblies (903ms)
			LogAssemblyErrors (0ms)
			InitializePlatformSupportModulesInManaged (11ms)
			SetLoadedEditorAssemblies (8ms)
			RefreshPlugins (0ms)
			BeforeProcessingInitializeOnLoad (125ms)
			ProcessInitializeOnLoadAttributes (706ms)
			ProcessInitializeOnLoadMethodAttributes (40ms)
			AfterProcessingInitializeOnLoad (12ms)
			EditorAssembliesLoaded (0ms)
		ExecutionOrderSort2 (0ms)
		AwakeInstancesAfterBackupRestoration (13ms)
Refreshing native plugins compatible for Editor in 6.83 ms, found 3 plugins.
Preloading 0 native plugins for Editor in 0.00 ms.
Unloading 3180 Unused Serialized files (Serialized files now loaded: 0)
Unloading 27 unused Assets / (0.7 MB). Loaded Objects now: 3731.
Memory consumption went from 196.0 MB to 195.2 MB.
Total: 5.213500 ms (FindLiveObjects: 0.382900 ms CreateObjectMapping: 0.126800 ms MarkObjects: 4.134000 ms  DeleteObjects: 0.568300 ms)

Prepare: number of updated asset objects reloaded= 0
AssetImportParameters requested are different than current active one (requested -> active):
  custom:scripting/monoscript/fileName/SkewTextExample.cs: c142d02d70a129e0533975f7c2f96956 -> 
  custom:container-demuxer-ogg: 62fdf1f143b41e24485cea50d1cbac27 -> 
  custom:scripting/monoscript/fileName/TMP_TextEventHandler.cs: f5cd9d5a43bfefc8f4fec80e6de896a4 -> 
  custom:scripting/monoscript/fileName/TextMeshProFloatingText.cs: 92608fa4a6315cd0786d82205e77b697 -> 
  custom:scripting/monoscript/fileName/VertexZoom.cs: 650ab1e81d40126e3edcf737cce646e4 -> 
  custom:video-codec-MediaFoundation-h265: 746d11721c4dcdbdad8f713fa42b33f4 -> 
  custom:scripting/monoscript/fileName/VertexShakeA.cs: 63ec564c588058369499638dd899e05b -> 
  custom:scripting/monoscript/fileName/TMP_ExampleScript_01.cs: a9d4be556104ff54e7d240529b3e01dc -> 
  custom:video-decoder-ogg-theora: a1e56fd34408186e4bbccfd4996cb3dc -> 
  custom:scripting/monoscript/fileName/TMP_TextEventCheck.cs: 13505d917eab5868c435e0c2986dadfa -> 
  custom:scripting/monoscript/fileName/TMP_TextSelector_B.cs: ba2be21a7486d37b1011342977a2e49d -> 
  custom:scripting/monoscript/fileName/Benchmark01.cs: 2d3e2cd961730ab95f139a49a673bace -> 
  custom:framework-win-MediaFoundation: 216162199b28c13a410421893ffa2e32 -> 
  custom:scripting/monoscript/fileName/Benchmark02.cs: 5640963252ce70910e726415f869ced6 -> 
  custom:scripting/monoscript/fileName/DropdownSample.cs: 0a92251794e5f10400149f96c3c59e5d -> 
  custom:scripting/monoscript/fileName/WarpTextExample.cs: 2663459c266363641981c7d17b698d7f -> 
  custom:CustomObjectIndexerAttribute: 9a22284fe3817be447336de3de66b15e -> 
  custom:container-demuxer-webm: 4f35f7cbe854078d1ac9338744f61a02 -> 
  custom:scripting/monoscript/fileName/ChatController.cs: 876d5ccae6e345dd5d9450eb0a748f16 -> 
  custom:scripting/monoscript/fileName/TextMeshSpawner.cs: 76f28e2ddb031571e6ec62b018f65fa8 -> 
  custom:scripting/monoscript/fileName/TeleType.cs: 31fa97821c4c70f157ec81d507aa6b62 -> 
  custom:scripting/monoscript/fileName/Benchmark04.cs: 32220b148620e52aa81c13a114862bf4 -> 
  custom:container-muxer-webm: aa71ff27fc2769a1b78a27578f13a17b -> 
  custom:video-decoder-webm-vp8: 9c59270c3fd7afecdb556c50c9e8de78 -> 
  custom:scripting/monoscript/fileName/TMP_PhoneNumberValidator.cs: 7c3049f481e464c6a9a15dee56c3126f -> 
  custom:SearchIndexIgnoredProperties: e643bd26f0fe6173181afceb89e7c659 -> 
  custom:AudioImporter_EditorPlatform: d09bf68614088b80899f8185d706f6e7 -> 
  custom:scripting/monoscript/fileName/EnvMapAnimator.cs: 1b4f61c17e4b7283c3ac351aacff9d26 -> 
  custom:scripting/monoscript/fileName/ShaderPropAnimator.cs: 55ce425812446482e623ff2695c94cb2 -> 
  custom:scripting/monoscript/fileName/SimpleScript.cs: 454caab0c6c050f29b39d82e1d66d0fa -> 
  custom:scripting/monoscript/fileName/ObjectSpin.cs: 2b96bb2079dd7fa5108d981627a28e1e -> 
  custom:scripting/monoscript/fileName/CameraController.cs: 34b6be4e23ce86dc89786916c5983296 -> 
  custom:scripting/monoscript/fileName/TMP_TextInfoDebugTool.cs: 3f1709cfb2cc628169113a35b5e9be3f -> 
  custom:scripting/monoscript/fileName/TMP_TextSelector_A.cs: 347309a09d56e367b188a6978f75b424 -> 
  custom:video-encoder-webm-vp8: eb34c28f22e8b96e1ab97ce403110664 -> 
  custom:audio-decoder-ogg-vorbis: bf7c407c2cedff20999df2af8eb42d56 -> 
  custom:scripting/monoscript/fileName/VertexJitter.cs: d27eb5498e48714a66aece98da065133 -> 
  custom:scripting/monoscript/fileName/TextConsoleSimulator.cs: 33fc311abb20b5b0ed8f00e4d86b574e -> 
  custom:scripting/monoscript/fileName/VertexColorCycler.cs: 5f984ca91cf3609293aecc6bc5641572 -> 
  custom:scripting/monoscript/fileName/TMP_FrameRateCounter.cs: 46f655df8cb483ac5958307137b1585a -> 
  custom:scripting/monoscript/fileName/VertexShakeB.cs: a6f78c4fcda1a29a1a1c1baefedba9e7 -> 
  custom:scripting/monoscript/fileName/TMP_UiFrameRateCounter.cs: b01021aea19247f14a98ab338907956a -> 
  custom:scripting/monoscript/fileName/TMPro_InstructionOverlay.cs: b626d2270e6ebd5c4311585c18b58d8d -> 
  custom:scripting/monoscript/fileName/TMP_DigitValidator.cs: ac02af96215ae3951a3cce9e1a8c6085 -> 
  custom:audio-encoder-webm-vorbis: bf7c407c2cedff20999df2af8eb42d56 -> 
  custom:scripting/monoscript/fileName/Benchmark01_UGUI.cs: 6148cfe2627b7708298f301788144139 -> 
  custom:scripting/precompiled-assembly-types:Assembly-CSharp: f825853d409a0befafbc7d54a7e7aa5b -> c48c441790bd3f7ca89b9b3822d92937
  custom:scripting/monoscript/fileName/Benchmark03.cs: 17cc87e0529ac71d909a946afb47a274 -> 
========================================================================
Received Prepare
Caller must complete domain reload
Begin MonoManager ReloadAssembly
- Loaded All Assemblies, in  0.715 seconds
Native extension for WindowsStandalone target not found
Mono: successfully reloaded assembly
- Finished resetting the current domain, in  1.978 seconds
Domain Reload Profiling: 2689ms
	BeginReloadAssembly (239ms)
		ExecutionOrderSort (0ms)
		DisableScriptedObjects (12ms)
		BackupInstance (0ms)
		ReleaseScriptingObjects (0ms)
		CreateAndSetChildDomain (43ms)
	RebuildCommonClasses (69ms)
	RebuildNativeTypeToScriptingClass (22ms)
	initialDomainReloadingComplete (55ms)
	LoadAllAssembliesAndSetupDomain (324ms)
		LoadAssemblies (443ms)
		RebuildTransferFunctionScriptingTraits (0ms)
		AnalyzeDomain (22ms)
			TypeCache.Refresh (8ms)
				TypeCache.ScanAssembly (0ms)
			ScanForSourceGeneratedMonoScriptInfo (0ms)
			ResolveRequiredComponents (11ms)
	FinalizeReload (1980ms)
		ReleaseScriptCaches (0ms)
		RebuildScriptCaches (0ms)
		SetupLoadedEditorAssemblies (848ms)
			LogAssemblyErrors (0ms)
			InitializePlatformSupportModulesInManaged (13ms)
			SetLoadedEditorAssemblies (9ms)
			RefreshPlugins (0ms)
			BeforeProcessingInitializeOnLoad (133ms)
			ProcessInitializeOnLoadAttributes (631ms)
			ProcessInitializeOnLoadMethodAttributes (47ms)
			AfterProcessingInitializeOnLoad (14ms)
			EditorAssembliesLoaded (0ms)
		ExecutionOrderSort2 (0ms)
		AwakeInstancesAfterBackupRestoration (14ms)
Refreshing native plugins compatible for Editor in 7.51 ms, found 3 plugins.
Preloading 0 native plugins for Editor in 0.00 ms.
Unloading 3180 Unused Serialized files (Serialized files now loaded: 0)
Unloading 27 unused Assets / (0.7 MB). Loaded Objects now: 3734.
Memory consumption went from 196.0 MB to 195.2 MB.
Total: 7.095600 ms (FindLiveObjects: 0.515000 ms CreateObjectMapping: 0.326700 ms MarkObjects: 5.350900 ms  DeleteObjects: 0.900700 ms)

Prepare: number of updated asset objects reloaded= 0
AssetImportParameters requested are different than current active one (requested -> active):
  custom:scripting/monoscript/fileName/SkewTextExample.cs: c142d02d70a129e0533975f7c2f96956 -> 
  custom:container-demuxer-ogg: 62fdf1f143b41e24485cea50d1cbac27 -> 
  custom:scripting/monoscript/fileName/TMP_TextEventHandler.cs: f5cd9d5a43bfefc8f4fec80e6de896a4 -> 
  custom:scripting/monoscript/fileName/TextMeshProFloatingText.cs: 92608fa4a6315cd0786d82205e77b697 -> 
  custom:scripting/monoscript/fileName/VertexZoom.cs: 650ab1e81d40126e3edcf737cce646e4 -> 
  custom:video-codec-MediaFoundation-h265: 746d11721c4dcdbdad8f713fa42b33f4 -> 
  custom:scripting/monoscript/fileName/VertexShakeA.cs: 63ec564c588058369499638dd899e05b -> 
  custom:scripting/monoscript/fileName/TMP_ExampleScript_01.cs: a9d4be556104ff54e7d240529b3e01dc -> 
  custom:video-decoder-ogg-theora: a1e56fd34408186e4bbccfd4996cb3dc -> 
  custom:scripting/monoscript/fileName/TMP_TextEventCheck.cs: 13505d917eab5868c435e0c2986dadfa -> 
  custom:scripting/monoscript/fileName/TMP_TextSelector_B.cs: ba2be21a7486d37b1011342977a2e49d -> 
  custom:scripting/monoscript/fileName/Benchmark01.cs: 2d3e2cd961730ab95f139a49a673bace -> 
  custom:framework-win-MediaFoundation: 216162199b28c13a410421893ffa2e32 -> 
  custom:scripting/monoscript/fileName/Benchmark02.cs: 5640963252ce70910e726415f869ced6 -> 
  custom:scripting/monoscript/fileName/DropdownSample.cs: 0a92251794e5f10400149f96c3c59e5d -> 
  custom:scripting/monoscript/fileName/WarpTextExample.cs: 2663459c266363641981c7d17b698d7f -> 
  custom:CustomObjectIndexerAttribute: 9a22284fe3817be447336de3de66b15e -> 
  custom:container-demuxer-webm: 4f35f7cbe854078d1ac9338744f61a02 -> 
  custom:scripting/monoscript/fileName/ChatController.cs: 876d5ccae6e345dd5d9450eb0a748f16 -> 
  custom:scripting/monoscript/fileName/TextMeshSpawner.cs: 76f28e2ddb031571e6ec62b018f65fa8 -> 
  custom:scripting/monoscript/fileName/TeleType.cs: 31fa97821c4c70f157ec81d507aa6b62 -> 
  custom:scripting/monoscript/fileName/Benchmark04.cs: 32220b148620e52aa81c13a114862bf4 -> 
  custom:container-muxer-webm: aa71ff27fc2769a1b78a27578f13a17b -> 
  custom:video-decoder-webm-vp8: 9c59270c3fd7afecdb556c50c9e8de78 -> 
  custom:scripting/monoscript/fileName/TMP_PhoneNumberValidator.cs: 7c3049f481e464c6a9a15dee56c3126f -> 
  custom:SearchIndexIgnoredProperties: e643bd26f0fe6173181afceb89e7c659 -> 
  custom:AudioImporter_EditorPlatform: d09bf68614088b80899f8185d706f6e7 -> 
  custom:scripting/monoscript/fileName/EnvMapAnimator.cs: 1b4f61c17e4b7283c3ac351aacff9d26 -> 
  custom:scripting/monoscript/fileName/ShaderPropAnimator.cs: 55ce425812446482e623ff2695c94cb2 -> 
  custom:scripting/monoscript/fileName/SimpleScript.cs: 454caab0c6c050f29b39d82e1d66d0fa -> 
  custom:scripting/monoscript/fileName/ObjectSpin.cs: 2b96bb2079dd7fa5108d981627a28e1e -> 
  custom:scripting/monoscript/fileName/CameraController.cs: 34b6be4e23ce86dc89786916c5983296 -> 
  custom:scripting/monoscript/fileName/TMP_TextInfoDebugTool.cs: 3f1709cfb2cc628169113a35b5e9be3f -> 
  custom:scripting/monoscript/fileName/TMP_TextSelector_A.cs: 347309a09d56e367b188a6978f75b424 -> 
  custom:video-encoder-webm-vp8: eb34c28f22e8b96e1ab97ce403110664 -> 
  custom:audio-decoder-ogg-vorbis: bf7c407c2cedff20999df2af8eb42d56 -> 
  custom:scripting/monoscript/fileName/VertexJitter.cs: d27eb5498e48714a66aece98da065133 -> 
  custom:scripting/monoscript/fileName/TextConsoleSimulator.cs: 33fc311abb20b5b0ed8f00e4d86b574e -> 
  custom:scripting/monoscript/fileName/VertexColorCycler.cs: 5f984ca91cf3609293aecc6bc5641572 -> 
  custom:scripting/monoscript/fileName/TMP_FrameRateCounter.cs: 46f655df8cb483ac5958307137b1585a -> 
  custom:scripting/monoscript/fileName/VertexShakeB.cs: a6f78c4fcda1a29a1a1c1baefedba9e7 -> 
  custom:scripting/monoscript/fileName/TMP_UiFrameRateCounter.cs: b01021aea19247f14a98ab338907956a -> 
  custom:scripting/monoscript/fileName/TMPro_InstructionOverlay.cs: b626d2270e6ebd5c4311585c18b58d8d -> 
  custom:scripting/monoscript/fileName/TMP_DigitValidator.cs: ac02af96215ae3951a3cce9e1a8c6085 -> 
  custom:audio-encoder-webm-vorbis: bf7c407c2cedff20999df2af8eb42d56 -> 
  custom:scripting/monoscript/fileName/Benchmark01_UGUI.cs: 6148cfe2627b7708298f301788144139 -> 
  custom:scripting/precompiled-assembly-types:Assembly-CSharp: f825853d409a0befafbc7d54a7e7aa5b -> c48c441790bd3f7ca89b9b3822d92937
  custom:scripting/monoscript/fileName/Benchmark03.cs: 17cc87e0529ac71d909a946afb47a274 -> 
========================================================================
Received Prepare
Caller must complete domain reload
Begin MonoManager ReloadAssembly
- Loaded All Assemblies, in  0.692 seconds
Native extension for WindowsStandalone target not found
Mono: successfully reloaded assembly
- Finished resetting the current domain, in  1.473 seconds
Domain Reload Profiling: 2162ms
	BeginReloadAssembly (257ms)
		ExecutionOrderSort (0ms)
		DisableScriptedObjects (9ms)
		BackupInstance (0ms)
		ReleaseScriptingObjects (0ms)
		CreateAndSetChildDomain (45ms)
	RebuildCommonClasses (46ms)
	RebuildNativeTypeToScriptingClass (20ms)
	initialDomainReloadingComplete (51ms)
	LoadAllAssembliesAndSetupDomain (314ms)
		LoadAssemblies (415ms)
		RebuildTransferFunctionScriptingTraits (0ms)
		AnalyzeDomain (40ms)
			TypeCache.Refresh (11ms)
				TypeCache.ScanAssembly (1ms)
			ScanForSourceGeneratedMonoScriptInfo (13ms)
			ResolveRequiredComponents (13ms)
	FinalizeReload (1474ms)
		ReleaseScriptCaches (0ms)
		RebuildScriptCaches (0ms)
		SetupLoadedEditorAssemblies (595ms)
			LogAssemblyErrors (0ms)
			InitializePlatformSupportModulesInManaged (9ms)
			SetLoadedEditorAssemblies (7ms)
			RefreshPlugins (0ms)
			BeforeProcessingInitializeOnLoad (99ms)
			ProcessInitializeOnLoadAttributes (434ms)
			ProcessInitializeOnLoadMethodAttributes (34ms)
			AfterProcessingInitializeOnLoad (11ms)
			EditorAssembliesLoaded (0ms)
		ExecutionOrderSort2 (0ms)
		AwakeInstancesAfterBackupRestoration (11ms)
Refreshing native plugins compatible for Editor in 5.48 ms, found 3 plugins.
Preloading 0 native plugins for Editor in 0.00 ms.
Unloading 3180 Unused Serialized files (Serialized files now loaded: 0)
Unloading 27 unused Assets / (0.7 MB). Loaded Objects now: 3737.
Memory consumption went from 196.0 MB to 195.3 MB.
Total: 4.172700 ms (FindLiveObjects: 0.395100 ms CreateObjectMapping: 0.126600 ms MarkObjects: 2.894400 ms  DeleteObjects: 0.754500 ms)

Prepare: number of updated asset objects reloaded= 0
AssetImportParameters requested are different than current active one (requested -> active):
  custom:scripting/monoscript/fileName/SkewTextExample.cs: c142d02d70a129e0533975f7c2f96956 -> 
  custom:container-demuxer-ogg: 62fdf1f143b41e24485cea50d1cbac27 -> 
  custom:scripting/monoscript/fileName/TMP_TextEventHandler.cs: f5cd9d5a43bfefc8f4fec80e6de896a4 -> 
  custom:scripting/monoscript/fileName/TextMeshProFloatingText.cs: 92608fa4a6315cd0786d82205e77b697 -> 
  custom:scripting/monoscript/fileName/VertexZoom.cs: 650ab1e81d40126e3edcf737cce646e4 -> 
  custom:video-codec-MediaFoundation-h265: 746d11721c4dcdbdad8f713fa42b33f4 -> 
  custom:scripting/monoscript/fileName/VertexShakeA.cs: 63ec564c588058369499638dd899e05b -> 
  custom:scripting/monoscript/fileName/TMP_ExampleScript_01.cs: a9d4be556104ff54e7d240529b3e01dc -> 
  custom:video-decoder-ogg-theora: a1e56fd34408186e4bbccfd4996cb3dc -> 
  custom:scripting/monoscript/fileName/TMP_TextEventCheck.cs: 13505d917eab5868c435e0c2986dadfa -> 
  custom:scripting/monoscript/fileName/TMP_TextSelector_B.cs: ba2be21a7486d37b1011342977a2e49d -> 
  custom:scripting/monoscript/fileName/Benchmark01.cs: 2d3e2cd961730ab95f139a49a673bace -> 
  custom:framework-win-MediaFoundation: 216162199b28c13a410421893ffa2e32 -> 
  custom:scripting/monoscript/fileName/Benchmark02.cs: 5640963252ce70910e726415f869ced6 -> 
  custom:scripting/monoscript/fileName/DropdownSample.cs: 0a92251794e5f10400149f96c3c59e5d -> 
  custom:scripting/monoscript/fileName/WarpTextExample.cs: 2663459c266363641981c7d17b698d7f -> 
  custom:CustomObjectIndexerAttribute: 9a22284fe3817be447336de3de66b15e -> 
  custom:container-demuxer-webm: 4f35f7cbe854078d1ac9338744f61a02 -> 
  custom:scripting/monoscript/fileName/ChatController.cs: 876d5ccae6e345dd5d9450eb0a748f16 -> 
  custom:scripting/monoscript/fileName/TextMeshSpawner.cs: 76f28e2ddb031571e6ec62b018f65fa8 -> 
  custom:scripting/monoscript/fileName/TeleType.cs: 31fa97821c4c70f157ec81d507aa6b62 -> 
  custom:scripting/monoscript/fileName/Benchmark04.cs: 32220b148620e52aa81c13a114862bf4 -> 
  custom:container-muxer-webm: aa71ff27fc2769a1b78a27578f13a17b -> 
  custom:video-decoder-webm-vp8: 9c59270c3fd7afecdb556c50c9e8de78 -> 
  custom:scripting/monoscript/fileName/TMP_PhoneNumberValidator.cs: 7c3049f481e464c6a9a15dee56c3126f -> 
  custom:SearchIndexIgnoredProperties: e643bd26f0fe6173181afceb89e7c659 -> 
  custom:AudioImporter_EditorPlatform: d09bf68614088b80899f8185d706f6e7 -> 
  custom:scripting/monoscript/fileName/EnvMapAnimator.cs: 1b4f61c17e4b7283c3ac351aacff9d26 -> 
  custom:scripting/monoscript/fileName/ShaderPropAnimator.cs: 55ce425812446482e623ff2695c94cb2 -> 
  custom:scripting/monoscript/fileName/SimpleScript.cs: 454caab0c6c050f29b39d82e1d66d0fa -> 
  custom:scripting/monoscript/fileName/ObjectSpin.cs: 2b96bb2079dd7fa5108d981627a28e1e -> 
  custom:scripting/monoscript/fileName/CameraController.cs: 34b6be4e23ce86dc89786916c5983296 -> 
  custom:scripting/monoscript/fileName/TMP_TextInfoDebugTool.cs: 3f1709cfb2cc628169113a35b5e9be3f -> 
  custom:scripting/monoscript/fileName/TMP_TextSelector_A.cs: 347309a09d56e367b188a6978f75b424 -> 
  custom:video-encoder-webm-vp8: eb34c28f22e8b96e1ab97ce403110664 -> 
  custom:audio-decoder-ogg-vorbis: bf7c407c2cedff20999df2af8eb42d56 -> 
  custom:scripting/monoscript/fileName/VertexJitter.cs: d27eb5498e48714a66aece98da065133 -> 
  custom:scripting/monoscript/fileName/TextConsoleSimulator.cs: 33fc311abb20b5b0ed8f00e4d86b574e -> 
  custom:scripting/monoscript/fileName/VertexColorCycler.cs: 5f984ca91cf3609293aecc6bc5641572 -> 
  custom:scripting/monoscript/fileName/TMP_FrameRateCounter.cs: 46f655df8cb483ac5958307137b1585a -> 
  custom:scripting/monoscript/fileName/VertexShakeB.cs: a6f78c4fcda1a29a1a1c1baefedba9e7 -> 
  custom:scripting/monoscript/fileName/TMP_UiFrameRateCounter.cs: b01021aea19247f14a98ab338907956a -> 
  custom:scripting/monoscript/fileName/TMPro_InstructionOverlay.cs: b626d2270e6ebd5c4311585c18b58d8d -> 
  custom:scripting/monoscript/fileName/TMP_DigitValidator.cs: ac02af96215ae3951a3cce9e1a8c6085 -> 
  custom:audio-encoder-webm-vorbis: bf7c407c2cedff20999df2af8eb42d56 -> 
  custom:scripting/monoscript/fileName/Benchmark01_UGUI.cs: 6148cfe2627b7708298f301788144139 -> 
  custom:scripting/precompiled-assembly-types:Assembly-CSharp: f825853d409a0befafbc7d54a7e7aa5b -> c48c441790bd3f7ca89b9b3822d92937
  custom:scripting/monoscript/fileName/Benchmark03.cs: 17cc87e0529ac71d909a946afb47a274 -> 
========================================================================
Received Prepare
Caller must complete domain reload
Begin MonoManager ReloadAssembly
- Loaded All Assemblies, in  0.639 seconds
Native extension for WindowsStandalone target not found
Mono: successfully reloaded assembly
- Finished resetting the current domain, in  1.842 seconds
Domain Reload Profiling: 2476ms
	BeginReloadAssembly (206ms)
		ExecutionOrderSort (0ms)
		DisableScriptedObjects (8ms)
		BackupInstance (0ms)
		ReleaseScriptingObjects (0ms)
		CreateAndSetChildDomain (39ms)
	RebuildCommonClasses (62ms)
	RebuildNativeTypeToScriptingClass (17ms)
	initialDomainReloadingComplete (45ms)
	LoadAllAssembliesAndSetupDomain (302ms)
		LoadAssemblies (400ms)
		RebuildTransferFunctionScriptingTraits (0ms)
		AnalyzeDomain (16ms)
			TypeCache.Refresh (6ms)
				TypeCache.ScanAssembly (0ms)
			ScanForSourceGeneratedMonoScriptInfo (0ms)
			ResolveRequiredComponents (7ms)
	FinalizeReload (1843ms)
		ReleaseScriptCaches (0ms)
		RebuildScriptCaches (0ms)
		SetupLoadedEditorAssemblies (946ms)
			LogAssemblyErrors (0ms)
			InitializePlatformSupportModulesInManaged (13ms)
			SetLoadedEditorAssemblies (11ms)
			RefreshPlugins (0ms)
			BeforeProcessingInitializeOnLoad (147ms)
			ProcessInitializeOnLoadAttributes (704ms)
			ProcessInitializeOnLoadMethodAttributes (54ms)
			AfterProcessingInitializeOnLoad (17ms)
			EditorAssembliesLoaded (0ms)
		ExecutionOrderSort2 (0ms)
		AwakeInstancesAfterBackupRestoration (15ms)
Refreshing native plugins compatible for Editor in 8.90 ms, found 3 plugins.
Preloading 0 native plugins for Editor in 0.00 ms.
Unloading 3180 Unused Serialized files (Serialized files now loaded: 0)
Unloading 27 unused Assets / (0.7 MB). Loaded Objects now: 3740.
Memory consumption went from 196.0 MB to 195.3 MB.
Total: 7.232600 ms (FindLiveObjects: 0.725400 ms CreateObjectMapping: 0.298200 ms MarkObjects: 5.373700 ms  DeleteObjects: 0.832700 ms)

Prepare: number of updated asset objects reloaded= 0
AssetImportParameters requested are different than current active one (requested -> active):
  custom:scripting/monoscript/fileName/SkewTextExample.cs: c142d02d70a129e0533975f7c2f96956 -> 
  custom:container-demuxer-ogg: 62fdf1f143b41e24485cea50d1cbac27 -> 
  custom:scripting/monoscript/fileName/TMP_TextEventHandler.cs: f5cd9d5a43bfefc8f4fec80e6de896a4 -> 
  custom:scripting/monoscript/fileName/TextMeshProFloatingText.cs: 92608fa4a6315cd0786d82205e77b697 -> 
  custom:scripting/monoscript/fileName/VertexZoom.cs: 650ab1e81d40126e3edcf737cce646e4 -> 
  custom:video-codec-MediaFoundation-h265: 746d11721c4dcdbdad8f713fa42b33f4 -> 
  custom:scripting/monoscript/fileName/VertexShakeA.cs: 63ec564c588058369499638dd899e05b -> 
  custom:scripting/monoscript/fileName/TMP_ExampleScript_01.cs: a9d4be556104ff54e7d240529b3e01dc -> 
  custom:video-decoder-ogg-theora: a1e56fd34408186e4bbccfd4996cb3dc -> 
  custom:scripting/monoscript/fileName/TMP_TextEventCheck.cs: 13505d917eab5868c435e0c2986dadfa -> 
  custom:scripting/monoscript/fileName/TMP_TextSelector_B.cs: ba2be21a7486d37b1011342977a2e49d -> 
  custom:scripting/monoscript/fileName/Benchmark01.cs: 2d3e2cd961730ab95f139a49a673bace -> 
  custom:framework-win-MediaFoundation: 216162199b28c13a410421893ffa2e32 -> 
  custom:scripting/monoscript/fileName/Benchmark02.cs: 5640963252ce70910e726415f869ced6 -> 
  custom:scripting/monoscript/fileName/DropdownSample.cs: 0a92251794e5f10400149f96c3c59e5d -> 
  custom:scripting/monoscript/fileName/WarpTextExample.cs: 2663459c266363641981c7d17b698d7f -> 
  custom:CustomObjectIndexerAttribute: 9a22284fe3817be447336de3de66b15e -> 
  custom:container-demuxer-webm: 4f35f7cbe854078d1ac9338744f61a02 -> 
  custom:scripting/monoscript/fileName/ChatController.cs: 876d5ccae6e345dd5d9450eb0a748f16 -> 
  custom:scripting/monoscript/fileName/TextMeshSpawner.cs: 76f28e2ddb031571e6ec62b018f65fa8 -> 
  custom:scripting/monoscript/fileName/TeleType.cs: 31fa97821c4c70f157ec81d507aa6b62 -> 
  custom:scripting/monoscript/fileName/Benchmark04.cs: 32220b148620e52aa81c13a114862bf4 -> 
  custom:container-muxer-webm: aa71ff27fc2769a1b78a27578f13a17b -> 
  custom:video-decoder-webm-vp8: 9c59270c3fd7afecdb556c50c9e8de78 -> 
  custom:scripting/monoscript/fileName/TMP_PhoneNumberValidator.cs: 7c3049f481e464c6a9a15dee56c3126f -> 
  custom:SearchIndexIgnoredProperties: e643bd26f0fe6173181afceb89e7c659 -> 
  custom:AudioImporter_EditorPlatform: d09bf68614088b80899f8185d706f6e7 -> 
  custom:scripting/monoscript/fileName/EnvMapAnimator.cs: 1b4f61c17e4b7283c3ac351aacff9d26 -> 
  custom:scripting/monoscript/fileName/ShaderPropAnimator.cs: 55ce425812446482e623ff2695c94cb2 -> 
  custom:scripting/monoscript/fileName/SimpleScript.cs: 454caab0c6c050f29b39d82e1d66d0fa -> 
  custom:scripting/monoscript/fileName/ObjectSpin.cs: 2b96bb2079dd7fa5108d981627a28e1e -> 
  custom:scripting/monoscript/fileName/CameraController.cs: 34b6be4e23ce86dc89786916c5983296 -> 
  custom:scripting/monoscript/fileName/TMP_TextInfoDebugTool.cs: 3f1709cfb2cc628169113a35b5e9be3f -> 
  custom:scripting/monoscript/fileName/TMP_TextSelector_A.cs: 347309a09d56e367b188a6978f75b424 -> 
  custom:video-encoder-webm-vp8: eb34c28f22e8b96e1ab97ce403110664 -> 
  custom:audio-decoder-ogg-vorbis: bf7c407c2cedff20999df2af8eb42d56 -> 
  custom:scripting/monoscript/fileName/VertexJitter.cs: d27eb5498e48714a66aece98da065133 -> 
  custom:scripting/monoscript/fileName/TextConsoleSimulator.cs: 33fc311abb20b5b0ed8f00e4d86b574e -> 
  custom:scripting/monoscript/fileName/VertexColorCycler.cs: 5f984ca91cf3609293aecc6bc5641572 -> 
  custom:scripting/monoscript/fileName/TMP_FrameRateCounter.cs: 46f655df8cb483ac5958307137b1585a -> 
  custom:scripting/monoscript/fileName/VertexShakeB.cs: a6f78c4fcda1a29a1a1c1baefedba9e7 -> 
  custom:scripting/monoscript/fileName/TMP_UiFrameRateCounter.cs: b01021aea19247f14a98ab338907956a -> 
  custom:scripting/monoscript/fileName/TMPro_InstructionOverlay.cs: b626d2270e6ebd5c4311585c18b58d8d -> 
  custom:scripting/monoscript/fileName/TMP_DigitValidator.cs: ac02af96215ae3951a3cce9e1a8c6085 -> 
  custom:audio-encoder-webm-vorbis: bf7c407c2cedff20999df2af8eb42d56 -> 
  custom:scripting/monoscript/fileName/Benchmark01_UGUI.cs: 6148cfe2627b7708298f301788144139 -> 
  custom:scripting/precompiled-assembly-types:Assembly-CSharp: f825853d409a0befafbc7d54a7e7aa5b -> c48c441790bd3f7ca89b9b3822d92937
  custom:scripting/monoscript/fileName/Benchmark03.cs: 17cc87e0529ac71d909a946afb47a274 -> 
========================================================================
Received Import Request.
  Time since last request: 6908.863557 seconds.
  path: Assets/Scripts/Move.cs
  artifactKey: Guid(b459b76bd6886374dad666acfaf68450) Importer(815301076,1909f56bfc062723c751e8b465ee728b)
Start importing Assets/Scripts/Move.cs using Guid(b459b76bd6886374dad666acfaf68450) Importer(815301076,1909f56bfc062723c751e8b465ee728b) [PhysX] Initialized MultithreadedTaskDispatcher with 4 workers.
 -> (artifact id: 'bdf1cc8c1b0707949e7586b186d57385') in 0.002540 seconds
Number of updated asset objects reloaded before import = 0
Number of asset objects unloaded after import = 0
========================================================================
Received Import Request.
  Time since last request: 179.496744 seconds.
  path: Assets/Scripts/Move.cs
  artifactKey: Guid(b459b76bd6886374dad666acfaf68450) Importer(815301076,1909f56bfc062723c751e8b465ee728b)
Start importing Assets/Scripts/Move.cs using Guid(b459b76bd6886374dad666acfaf68450) Importer(815301076,1909f56bfc062723c751e8b465ee728b) [PhysX] Initialized MultithreadedTaskDispatcher with 4 workers.
 -> (artifact id: 'b21159d6ff5b85e48e6b7fd470ef5534') in 0.001063 seconds
Number of updated asset objects reloaded before import = 0
Number of asset objects unloaded after import = 0
========================================================================
Received Prepare
Caller must complete domain reload
Begin MonoManager ReloadAssembly
- Loaded All Assemblies, in  0.783 seconds
Native extension for WindowsStandalone target not found
Mono: successfully reloaded assembly
- Finished resetting the current domain, in  2.276 seconds
Domain Reload Profiling: 3056ms
	BeginReloadAssembly (287ms)
		ExecutionOrderSort (0ms)
		DisableScriptedObjects (9ms)
		BackupInstance (0ms)
		ReleaseScriptingObjects (0ms)
		CreateAndSetChildDomain (50ms)
	RebuildCommonClasses (66ms)
	RebuildNativeTypeToScriptingClass (21ms)
	initialDomainReloadingComplete (61ms)
	LoadAllAssembliesAndSetupDomain (344ms)
		LoadAssemblies (466ms)
		RebuildTransferFunctionScriptingTraits (0ms)
		AnalyzeDomain (40ms)
			TypeCache.Refresh (11ms)
				TypeCache.ScanAssembly (1ms)
			ScanForSourceGeneratedMonoScriptInfo (16ms)
			ResolveRequiredComponents (10ms)
	FinalizeReload (2277ms)
		ReleaseScriptCaches (0ms)
		RebuildScriptCaches (0ms)
		SetupLoadedEditorAssemblies (1020ms)
			LogAssemblyErrors (0ms)
			InitializePlatformSupportModulesInManaged (18ms)
			SetLoadedEditorAssemblies (11ms)
			RefreshPlugins (0ms)
			BeforeProcessingInitializeOnLoad (155ms)
			ProcessInitializeOnLoadAttributes (766ms)
			ProcessInitializeOnLoadMethodAttributes (53ms)
			AfterProcessingInitializeOnLoad (17ms)
			EditorAssembliesLoaded (0ms)
		ExecutionOrderSort2 (0ms)
		AwakeInstancesAfterBackupRestoration (23ms)
Refreshing native plugins compatible for Editor in 11.00 ms, found 3 plugins.
Preloading 0 native plugins for Editor in 0.00 ms.
Unloading 3179 Unused Serialized files (Serialized files now loaded: 0)
Unloading 27 unused Assets / (0.7 MB). Loaded Objects now: 3743.
Memory consumption went from 195.7 MB to 195.0 MB.
Total: 8.826300 ms (FindLiveObjects: 0.917100 ms CreateObjectMapping: 0.529100 ms MarkObjects: 6.520200 ms  DeleteObjects: 0.858200 ms)

Prepare: number of updated asset objects reloaded= 0
AssetImportParameters requested are different than current active one (requested -> active):
  custom:scripting/monoscript/fileName/SkewTextExample.cs: c142d02d70a129e0533975f7c2f96956 -> 
  custom:container-demuxer-ogg: 62fdf1f143b41e24485cea50d1cbac27 -> 
  custom:scripting/monoscript/fileName/TMP_TextEventHandler.cs: f5cd9d5a43bfefc8f4fec80e6de896a4 -> 
  custom:scripting/monoscript/fileName/TextMeshProFloatingText.cs: 92608fa4a6315cd0786d82205e77b697 -> 
  custom:scripting/monoscript/fileName/VertexZoom.cs: 650ab1e81d40126e3edcf737cce646e4 -> 
  custom:video-codec-MediaFoundation-h265: 746d11721c4dcdbdad8f713fa42b33f4 -> 
  custom:scripting/monoscript/fileName/VertexShakeA.cs: 63ec564c588058369499638dd899e05b -> 
  custom:scripting/monoscript/fileName/TMP_ExampleScript_01.cs: a9d4be556104ff54e7d240529b3e01dc -> 
  custom:video-decoder-ogg-theora: a1e56fd34408186e4bbccfd4996cb3dc -> 
  custom:scripting/monoscript/fileName/TMP_TextEventCheck.cs: 13505d917eab5868c435e0c2986dadfa -> 
  custom:scripting/monoscript/fileName/TMP_TextSelector_B.cs: ba2be21a7486d37b1011342977a2e49d -> 
  custom:scripting/monoscript/fileName/Benchmark01.cs: 2d3e2cd961730ab95f139a49a673bace -> 
  custom:framework-win-MediaFoundation: 216162199b28c13a410421893ffa2e32 -> 
  custom:scripting/monoscript/fileName/Benchmark02.cs: 5640963252ce70910e726415f869ced6 -> 
  custom:scripting/monoscript/fileName/DropdownSample.cs: 0a92251794e5f10400149f96c3c59e5d -> 
  custom:scripting/monoscript/fileName/WarpTextExample.cs: 2663459c266363641981c7d17b698d7f -> 
  custom:CustomObjectIndexerAttribute: 9a22284fe3817be447336de3de66b15e -> 
  custom:container-demuxer-webm: 4f35f7cbe854078d1ac9338744f61a02 -> 
  custom:scripting/monoscript/fileName/ChatController.cs: 876d5ccae6e345dd5d9450eb0a748f16 -> 
  custom:scripting/monoscript/fileName/TextMeshSpawner.cs: 76f28e2ddb031571e6ec62b018f65fa8 -> 
  custom:scripting/monoscript/fileName/TeleType.cs: 31fa97821c4c70f157ec81d507aa6b62 -> 
  custom:scripting/monoscript/fileName/Benchmark04.cs: 32220b148620e52aa81c13a114862bf4 -> 
  custom:container-muxer-webm: aa71ff27fc2769a1b78a27578f13a17b -> 
  custom:video-decoder-webm-vp8: 9c59270c3fd7afecdb556c50c9e8de78 -> 
  custom:scripting/monoscript/fileName/TMP_PhoneNumberValidator.cs: 7c3049f481e464c6a9a15dee56c3126f -> 
  custom:SearchIndexIgnoredProperties: e643bd26f0fe6173181afceb89e7c659 -> 
  custom:AudioImporter_EditorPlatform: d09bf68614088b80899f8185d706f6e7 -> 
  custom:scripting/monoscript/fileName/EnvMapAnimator.cs: 1b4f61c17e4b7283c3ac351aacff9d26 -> 
  custom:scripting/monoscript/fileName/ShaderPropAnimator.cs: 55ce425812446482e623ff2695c94cb2 -> 
  custom:scripting/monoscript/fileName/SimpleScript.cs: 454caab0c6c050f29b39d82e1d66d0fa -> 
  custom:scripting/monoscript/fileName/ObjectSpin.cs: 2b96bb2079dd7fa5108d981627a28e1e -> 
  custom:scripting/monoscript/fileName/CameraController.cs: 34b6be4e23ce86dc89786916c5983296 -> 
  custom:scripting/monoscript/fileName/TMP_TextInfoDebugTool.cs: 3f1709cfb2cc628169113a35b5e9be3f -> 
  custom:scripting/monoscript/fileName/TMP_TextSelector_A.cs: 347309a09d56e367b188a6978f75b424 -> 
  custom:video-encoder-webm-vp8: eb34c28f22e8b96e1ab97ce403110664 -> 
  custom:audio-decoder-ogg-vorbis: bf7c407c2cedff20999df2af8eb42d56 -> 
  custom:scripting/monoscript/fileName/VertexJitter.cs: d27eb5498e48714a66aece98da065133 -> 
  custom:scripting/monoscript/fileName/TextConsoleSimulator.cs: 33fc311abb20b5b0ed8f00e4d86b574e -> 
  custom:scripting/monoscript/fileName/VertexColorCycler.cs: 5f984ca91cf3609293aecc6bc5641572 -> 
  custom:scripting/monoscript/fileName/TMP_FrameRateCounter.cs: 46f655df8cb483ac5958307137b1585a -> 
  custom:scripting/monoscript/fileName/VertexShakeB.cs: a6f78c4fcda1a29a1a1c1baefedba9e7 -> 
  custom:scripting/monoscript/fileName/TMP_UiFrameRateCounter.cs: b01021aea19247f14a98ab338907956a -> 
  custom:scripting/monoscript/fileName/TMPro_InstructionOverlay.cs: b626d2270e6ebd5c4311585c18b58d8d -> 
  custom:scripting/monoscript/fileName/TMP_DigitValidator.cs: ac02af96215ae3951a3cce9e1a8c6085 -> 
  custom:audio-encoder-webm-vorbis: bf7c407c2cedff20999df2af8eb42d56 -> 
  custom:scripting/monoscript/fileName/Benchmark01_UGUI.cs: 6148cfe2627b7708298f301788144139 -> 
  custom:scripting/precompiled-assembly-types:Assembly-CSharp: f825853d409a0befafbc7d54a7e7aa5b -> c48c441790bd3f7ca89b9b3822d92937
  custom:scripting/monoscript/fileName/Benchmark03.cs: 17cc87e0529ac71d909a946afb47a274 -> 
========================================================================
Received Prepare
Caller must complete domain reload
Begin MonoManager ReloadAssembly
- Loaded All Assemblies, in  0.680 seconds
Native extension for WindowsStandalone target not found
Mono: successfully reloaded assembly
- Finished resetting the current domain, in  2.094 seconds
Domain Reload Profiling: 2771ms
	BeginReloadAssembly (229ms)
		ExecutionOrderSort (0ms)
		DisableScriptedObjects (9ms)
		BackupInstance (0ms)
		ReleaseScriptingObjects (0ms)
		CreateAndSetChildDomain (41ms)
	RebuildCommonClasses (59ms)
	RebuildNativeTypeToScriptingClass (23ms)
	initialDomainReloadingComplete (48ms)
	LoadAllAssembliesAndSetupDomain (317ms)
		LoadAssemblies (425ms)
		RebuildTransferFunctionScriptingTraits (0ms)
		AnalyzeDomain (26ms)
			TypeCache.Refresh (9ms)
				TypeCache.ScanAssembly (0ms)
			ScanForSourceGeneratedMonoScriptInfo (0ms)
			ResolveRequiredComponents (13ms)
	FinalizeReload (2095ms)
		ReleaseScriptCaches (0ms)
		RebuildScriptCaches (0ms)
		SetupLoadedEditorAssemblies (1056ms)
			LogAssemblyErrors (0ms)
			InitializePlatformSupportModulesInManaged (17ms)
			SetLoadedEditorAssemblies (11ms)
			RefreshPlugins (0ms)
			BeforeProcessingInitializeOnLoad (167ms)
			ProcessInitializeOnLoadAttributes (785ms)
			ProcessInitializeOnLoadMethodAttributes (59ms)
			AfterProcessingInitializeOnLoad (16ms)
			EditorAssembliesLoaded (0ms)
		ExecutionOrderSort2 (0ms)
		AwakeInstancesAfterBackupRestoration (16ms)
Refreshing native plugins compatible for Editor in 10.57 ms, found 3 plugins.
Preloading 0 native plugins for Editor in 0.00 ms.
Unloading 3180 Unused Serialized files (Serialized files now loaded: 0)
Unloading 27 unused Assets / (0.7 MB). Loaded Objects now: 3746.
Memory consumption went from 196.0 MB to 195.3 MB.
Total: 6.590300 ms (FindLiveObjects: 0.516600 ms CreateObjectMapping: 0.561400 ms MarkObjects: 4.568500 ms  DeleteObjects: 0.941800 ms)

Prepare: number of updated asset objects reloaded= 0
AssetImportParameters requested are different than current active one (requested -> active):
  custom:scripting/monoscript/fileName/SkewTextExample.cs: c142d02d70a129e0533975f7c2f96956 -> 
  custom:container-demuxer-ogg: 62fdf1f143b41e24485cea50d1cbac27 -> 
  custom:scripting/monoscript/fileName/TMP_TextEventHandler.cs: f5cd9d5a43bfefc8f4fec80e6de896a4 -> 
  custom:scripting/monoscript/fileName/TextMeshProFloatingText.cs: 92608fa4a6315cd0786d82205e77b697 -> 
  custom:scripting/monoscript/fileName/VertexZoom.cs: 650ab1e81d40126e3edcf737cce646e4 -> 
  custom:video-codec-MediaFoundation-h265: 746d11721c4dcdbdad8f713fa42b33f4 -> 
  custom:scripting/monoscript/fileName/VertexShakeA.cs: 63ec564c588058369499638dd899e05b -> 
  custom:scripting/monoscript/fileName/TMP_ExampleScript_01.cs: a9d4be556104ff54e7d240529b3e01dc -> 
  custom:video-decoder-ogg-theora: a1e56fd34408186e4bbccfd4996cb3dc -> 
  custom:scripting/monoscript/fileName/TMP_TextEventCheck.cs: 13505d917eab5868c435e0c2986dadfa -> 
  custom:scripting/monoscript/fileName/TMP_TextSelector_B.cs: ba2be21a7486d37b1011342977a2e49d -> 
  custom:scripting/monoscript/fileName/Benchmark01.cs: 2d3e2cd961730ab95f139a49a673bace -> 
  custom:framework-win-MediaFoundation: 216162199b28c13a410421893ffa2e32 -> 
  custom:scripting/monoscript/fileName/Benchmark02.cs: 5640963252ce70910e726415f869ced6 -> 
  custom:scripting/monoscript/fileName/DropdownSample.cs: 0a92251794e5f10400149f96c3c59e5d -> 
  custom:scripting/monoscript/fileName/WarpTextExample.cs: 2663459c266363641981c7d17b698d7f -> 
  custom:CustomObjectIndexerAttribute: 9a22284fe3817be447336de3de66b15e -> 
  custom:container-demuxer-webm: 4f35f7cbe854078d1ac9338744f61a02 -> 
  custom:scripting/monoscript/fileName/ChatController.cs: 876d5ccae6e345dd5d9450eb0a748f16 -> 
  custom:scripting/monoscript/fileName/TextMeshSpawner.cs: 76f28e2ddb031571e6ec62b018f65fa8 -> 
  custom:scripting/monoscript/fileName/TeleType.cs: 31fa97821c4c70f157ec81d507aa6b62 -> 
  custom:scripting/monoscript/fileName/Benchmark04.cs: 32220b148620e52aa81c13a114862bf4 -> 
  custom:container-muxer-webm: aa71ff27fc2769a1b78a27578f13a17b -> 
  custom:video-decoder-webm-vp8: 9c59270c3fd7afecdb556c50c9e8de78 -> 
  custom:scripting/monoscript/fileName/TMP_PhoneNumberValidator.cs: 7c3049f481e464c6a9a15dee56c3126f -> 
  custom:SearchIndexIgnoredProperties: e643bd26f0fe6173181afceb89e7c659 -> 
  custom:AudioImporter_EditorPlatform: d09bf68614088b80899f8185d706f6e7 -> 
  custom:scripting/monoscript/fileName/EnvMapAnimator.cs: 1b4f61c17e4b7283c3ac351aacff9d26 -> 
  custom:scripting/monoscript/fileName/ShaderPropAnimator.cs: 55ce425812446482e623ff2695c94cb2 -> 
  custom:scripting/monoscript/fileName/SimpleScript.cs: 454caab0c6c050f29b39d82e1d66d0fa -> 
  custom:scripting/monoscript/fileName/ObjectSpin.cs: 2b96bb2079dd7fa5108d981627a28e1e -> 
  custom:scripting/monoscript/fileName/CameraController.cs: 34b6be4e23ce86dc89786916c5983296 -> 
  custom:scripting/monoscript/fileName/TMP_TextInfoDebugTool.cs: 3f1709cfb2cc628169113a35b5e9be3f -> 
  custom:scripting/monoscript/fileName/TMP_TextSelector_A.cs: 347309a09d56e367b188a6978f75b424 -> 
  custom:video-encoder-webm-vp8: eb34c28f22e8b96e1ab97ce403110664 -> 
  custom:audio-decoder-ogg-vorbis: bf7c407c2cedff20999df2af8eb42d56 -> 
  custom:scripting/monoscript/fileName/VertexJitter.cs: d27eb5498e48714a66aece98da065133 -> 
  custom:scripting/monoscript/fileName/TextConsoleSimulator.cs: 33fc311abb20b5b0ed8f00e4d86b574e -> 
  custom:scripting/monoscript/fileName/VertexColorCycler.cs: 5f984ca91cf3609293aecc6bc5641572 -> 
  custom:scripting/monoscript/fileName/TMP_FrameRateCounter.cs: 46f655df8cb483ac5958307137b1585a -> 
  custom:scripting/monoscript/fileName/VertexShakeB.cs: a6f78c4fcda1a29a1a1c1baefedba9e7 -> 
  custom:scripting/monoscript/fileName/TMP_UiFrameRateCounter.cs: b01021aea19247f14a98ab338907956a -> 
  custom:scripting/monoscript/fileName/TMPro_InstructionOverlay.cs: b626d2270e6ebd5c4311585c18b58d8d -> 
  custom:scripting/monoscript/fileName/TMP_DigitValidator.cs: ac02af96215ae3951a3cce9e1a8c6085 -> 
  custom:audio-encoder-webm-vorbis: bf7c407c2cedff20999df2af8eb42d56 -> 
  custom:scripting/monoscript/fileName/Benchmark01_UGUI.cs: 6148cfe2627b7708298f301788144139 -> 
  custom:scripting/precompiled-assembly-types:Assembly-CSharp: f825853d409a0befafbc7d54a7e7aa5b -> c48c441790bd3f7ca89b9b3822d92937
  custom:scripting/monoscript/fileName/Benchmark03.cs: 17cc87e0529ac71d909a946afb47a274 -> 
========================================================================
Received Prepare
Caller must complete domain reload
Begin MonoManager ReloadAssembly
- Loaded All Assemblies, in  0.698 seconds
Native extension for WindowsStandalone target not found
Mono: successfully reloaded assembly
- Finished resetting the current domain, in  1.739 seconds
Domain Reload Profiling: 2434ms
	BeginReloadAssembly (258ms)
		ExecutionOrderSort (0ms)
		DisableScriptedObjects (10ms)
		BackupInstance (0ms)
		ReleaseScriptingObjects (0ms)
		CreateAndSetChildDomain (49ms)
	RebuildCommonClasses (54ms)
	RebuildNativeTypeToScriptingClass (24ms)
	initialDomainReloadingComplete (50ms)
	LoadAllAssembliesAndSetupDomain (309ms)
		LoadAssemblies (405ms)
		RebuildTransferFunctionScriptingTraits (0ms)
		AnalyzeDomain (41ms)
			TypeCache.Refresh (11ms)
				TypeCache.ScanAssembly (1ms)
			ScanForSourceGeneratedMonoScriptInfo (15ms)
			ResolveRequiredComponents (13ms)
	FinalizeReload (1740ms)
		ReleaseScriptCaches (0ms)
		RebuildScriptCaches (0ms)
		SetupLoadedEditorAssemblies (856ms)
			LogAssemblyErrors (0ms)
			InitializePlatformSupportModulesInManaged (10ms)
			SetLoadedEditorAssemblies (6ms)
			RefreshPlugins (0ms)
			BeforeProcessingInitializeOnLoad (92ms)
			ProcessInitializeOnLoadAttributes (667ms)
			ProcessInitializeOnLoadMethodAttributes (63ms)
			AfterProcessingInitializeOnLoad (16ms)
			EditorAssembliesLoaded (0ms)
		ExecutionOrderSort2 (0ms)
		AwakeInstancesAfterBackupRestoration (12ms)
Refreshing native plugins compatible for Editor in 7.04 ms, found 3 plugins.
Preloading 0 native plugins for Editor in 0.00 ms.
Unloading 3180 Unused Serialized files (Serialized files now loaded: 0)
Unloading 27 unused Assets / (0.7 MB). Loaded Objects now: 3749.
Memory consumption went from 196.0 MB to 195.3 MB.
Total: 7.529100 ms (FindLiveObjects: 0.651700 ms CreateObjectMapping: 0.676700 ms MarkObjects: 5.357900 ms  DeleteObjects: 0.840600 ms)

Prepare: number of updated asset objects reloaded= 0
AssetImportParameters requested are different than current active one (requested -> active):
  custom:scripting/monoscript/fileName/SkewTextExample.cs: c142d02d70a129e0533975f7c2f96956 -> 
  custom:container-demuxer-ogg: 62fdf1f143b41e24485cea50d1cbac27 -> 
  custom:scripting/monoscript/fileName/TMP_TextEventHandler.cs: f5cd9d5a43bfefc8f4fec80e6de896a4 -> 
  custom:scripting/monoscript/fileName/TextMeshProFloatingText.cs: 92608fa4a6315cd0786d82205e77b697 -> 
  custom:scripting/monoscript/fileName/VertexZoom.cs: 650ab1e81d40126e3edcf737cce646e4 -> 
  custom:video-codec-MediaFoundation-h265: 746d11721c4dcdbdad8f713fa42b33f4 -> 
  custom:scripting/monoscript/fileName/VertexShakeA.cs: 63ec564c588058369499638dd899e05b -> 
  custom:scripting/monoscript/fileName/TMP_ExampleScript_01.cs: a9d4be556104ff54e7d240529b3e01dc -> 
  custom:video-decoder-ogg-theora: a1e56fd34408186e4bbccfd4996cb3dc -> 
  custom:scripting/monoscript/fileName/TMP_TextEventCheck.cs: 13505d917eab5868c435e0c2986dadfa -> 
  custom:scripting/monoscript/fileName/TMP_TextSelector_B.cs: ba2be21a7486d37b1011342977a2e49d -> 
  custom:scripting/monoscript/fileName/Benchmark01.cs: 2d3e2cd961730ab95f139a49a673bace -> 
  custom:framework-win-MediaFoundation: 216162199b28c13a410421893ffa2e32 -> 
  custom:scripting/monoscript/fileName/Benchmark02.cs: 5640963252ce70910e726415f869ced6 -> 
  custom:scripting/monoscript/fileName/DropdownSample.cs: 0a92251794e5f10400149f96c3c59e5d -> 
  custom:scripting/monoscript/fileName/WarpTextExample.cs: 2663459c266363641981c7d17b698d7f -> 
  custom:CustomObjectIndexerAttribute: 9a22284fe3817be447336de3de66b15e -> 
  custom:container-demuxer-webm: 4f35f7cbe854078d1ac9338744f61a02 -> 
  custom:scripting/monoscript/fileName/ChatController.cs: 876d5ccae6e345dd5d9450eb0a748f16 -> 
  custom:scripting/monoscript/fileName/TextMeshSpawner.cs: 76f28e2ddb031571e6ec62b018f65fa8 -> 
  custom:scripting/monoscript/fileName/TeleType.cs: 31fa97821c4c70f157ec81d507aa6b62 -> 
  custom:scripting/monoscript/fileName/Benchmark04.cs: 32220b148620e52aa81c13a114862bf4 -> 
  custom:container-muxer-webm: aa71ff27fc2769a1b78a27578f13a17b -> 
  custom:video-decoder-webm-vp8: 9c59270c3fd7afecdb556c50c9e8de78 -> 
  custom:scripting/monoscript/fileName/TMP_PhoneNumberValidator.cs: 7c3049f481e464c6a9a15dee56c3126f -> 
  custom:SearchIndexIgnoredProperties: e643bd26f0fe6173181afceb89e7c659 -> 
  custom:AudioImporter_EditorPlatform: d09bf68614088b80899f8185d706f6e7 -> 
  custom:scripting/monoscript/fileName/EnvMapAnimator.cs: 1b4f61c17e4b7283c3ac351aacff9d26 -> 
  custom:scripting/monoscript/fileName/ShaderPropAnimator.cs: 55ce425812446482e623ff2695c94cb2 -> 
  custom:scripting/monoscript/fileName/SimpleScript.cs: 454caab0c6c050f29b39d82e1d66d0fa -> 
  custom:scripting/monoscript/fileName/ObjectSpin.cs: 2b96bb2079dd7fa5108d981627a28e1e -> 
  custom:scripting/monoscript/fileName/CameraController.cs: 34b6be4e23ce86dc89786916c5983296 -> 
  custom:scripting/monoscript/fileName/TMP_TextInfoDebugTool.cs: 3f1709cfb2cc628169113a35b5e9be3f -> 
  custom:scripting/monoscript/fileName/TMP_TextSelector_A.cs: 347309a09d56e367b188a6978f75b424 -> 
  custom:video-encoder-webm-vp8: eb34c28f22e8b96e1ab97ce403110664 -> 
  custom:audio-decoder-ogg-vorbis: bf7c407c2cedff20999df2af8eb42d56 -> 
  custom:scripting/monoscript/fileName/VertexJitter.cs: d27eb5498e48714a66aece98da065133 -> 
  custom:scripting/monoscript/fileName/TextConsoleSimulator.cs: 33fc311abb20b5b0ed8f00e4d86b574e -> 
  custom:scripting/monoscript/fileName/VertexColorCycler.cs: 5f984ca91cf3609293aecc6bc5641572 -> 
  custom:scripting/monoscript/fileName/TMP_FrameRateCounter.cs: 46f655df8cb483ac5958307137b1585a -> 
  custom:scripting/monoscript/fileName/VertexShakeB.cs: a6f78c4fcda1a29a1a1c1baefedba9e7 -> 
  custom:scripting/monoscript/fileName/TMP_UiFrameRateCounter.cs: b01021aea19247f14a98ab338907956a -> 
  custom:scripting/monoscript/fileName/TMPro_InstructionOverlay.cs: b626d2270e6ebd5c4311585c18b58d8d -> 
  custom:scripting/monoscript/fileName/TMP_DigitValidator.cs: ac02af96215ae3951a3cce9e1a8c6085 -> 
  custom:audio-encoder-webm-vorbis: bf7c407c2cedff20999df2af8eb42d56 -> 
  custom:scripting/monoscript/fileName/Benchmark01_UGUI.cs: 6148cfe2627b7708298f301788144139 -> 
  custom:scripting/precompiled-assembly-types:Assembly-CSharp: f825853d409a0befafbc7d54a7e7aa5b -> c48c441790bd3f7ca89b9b3822d92937
  custom:scripting/monoscript/fileName/Benchmark03.cs: 17cc87e0529ac71d909a946afb47a274 -> 
========================================================================
Received Prepare
Caller must complete domain reload
Begin MonoManager ReloadAssembly
- Loaded All Assemblies, in  0.623 seconds
Native extension for WindowsStandalone target not found
Mono: successfully reloaded assembly
- Finished resetting the current domain, in  1.788 seconds
Domain Reload Profiling: 2409ms
	BeginReloadAssembly (203ms)
		ExecutionOrderSort (0ms)
		DisableScriptedObjects (8ms)
		BackupInstance (0ms)
		ReleaseScriptingObjects (0ms)
		CreateAndSetChildDomain (39ms)
	RebuildCommonClasses (51ms)
	RebuildNativeTypeToScriptingClass (24ms)
	initialDomainReloadingComplete (46ms)
	LoadAllAssembliesAndSetupDomain (297ms)
		LoadAssemblies (391ms)
		RebuildTransferFunctionScriptingTraits (0ms)
		AnalyzeDomain (23ms)
			TypeCache.Refresh (8ms)
				TypeCache.ScanAssembly (0ms)
			ScanForSourceGeneratedMonoScriptInfo (0ms)
			ResolveRequiredComponents (12ms)
	FinalizeReload (1789ms)
		ReleaseScriptCaches (0ms)
		RebuildScriptCaches (0ms)
		SetupLoadedEditorAssemblies (863ms)
			LogAssemblyErrors (0ms)
			InitializePlatformSupportModulesInManaged (12ms)
			SetLoadedEditorAssemblies (9ms)
			RefreshPlugins (0ms)
			BeforeProcessingInitializeOnLoad (125ms)
			ProcessInitializeOnLoadAttributes (642ms)
			ProcessInitializeOnLoadMethodAttributes (57ms)
			AfterProcessingInitializeOnLoad (18ms)
			EditorAssembliesLoaded (0ms)
		ExecutionOrderSort2 (0ms)
		AwakeInstancesAfterBackupRestoration (15ms)
Refreshing native plugins compatible for Editor in 9.25 ms, found 3 plugins.
Preloading 0 native plugins for Editor in 0.00 ms.
Unloading 3180 Unused Serialized files (Serialized files now loaded: 0)
Unloading 27 unused Assets / (0.7 MB). Loaded Objects now: 3752.
Memory consumption went from 196.0 MB to 195.3 MB.
Total: 6.954100 ms (FindLiveObjects: 0.755100 ms CreateObjectMapping: 0.301800 ms MarkObjects: 5.074800 ms  DeleteObjects: 0.819700 ms)

Prepare: number of updated asset objects reloaded= 0
AssetImportParameters requested are different than current active one (requested -> active):
  custom:scripting/monoscript/fileName/SkewTextExample.cs: c142d02d70a129e0533975f7c2f96956 -> 
  custom:container-demuxer-ogg: 62fdf1f143b41e24485cea50d1cbac27 -> 
  custom:scripting/monoscript/fileName/TMP_TextEventHandler.cs: f5cd9d5a43bfefc8f4fec80e6de896a4 -> 
  custom:scripting/monoscript/fileName/TextMeshProFloatingText.cs: 92608fa4a6315cd0786d82205e77b697 -> 
  custom:scripting/monoscript/fileName/VertexZoom.cs: 650ab1e81d40126e3edcf737cce646e4 -> 
  custom:video-codec-MediaFoundation-h265: 746d11721c4dcdbdad8f713fa42b33f4 -> 
  custom:scripting/monoscript/fileName/VertexShakeA.cs: 63ec564c588058369499638dd899e05b -> 
  custom:scripting/monoscript/fileName/TMP_ExampleScript_01.cs: a9d4be556104ff54e7d240529b3e01dc -> 
  custom:video-decoder-ogg-theora: a1e56fd34408186e4bbccfd4996cb3dc -> 
  custom:scripting/monoscript/fileName/TMP_TextEventCheck.cs: 13505d917eab5868c435e0c2986dadfa -> 
  custom:scripting/monoscript/fileName/TMP_TextSelector_B.cs: ba2be21a7486d37b1011342977a2e49d -> 
  custom:scripting/monoscript/fileName/Benchmark01.cs: 2d3e2cd961730ab95f139a49a673bace -> 
  custom:framework-win-MediaFoundation: 216162199b28c13a410421893ffa2e32 -> 
  custom:scripting/monoscript/fileName/Benchmark02.cs: 5640963252ce70910e726415f869ced6 -> 
  custom:scripting/monoscript/fileName/DropdownSample.cs: 0a92251794e5f10400149f96c3c59e5d -> 
  custom:scripting/monoscript/fileName/WarpTextExample.cs: 2663459c266363641981c7d17b698d7f -> 
  custom:CustomObjectIndexerAttribute: 9a22284fe3817be447336de3de66b15e -> 
  custom:container-demuxer-webm: 4f35f7cbe854078d1ac9338744f61a02 -> 
  custom:scripting/monoscript/fileName/ChatController.cs: 876d5ccae6e345dd5d9450eb0a748f16 -> 
  custom:scripting/monoscript/fileName/TextMeshSpawner.cs: 76f28e2ddb031571e6ec62b018f65fa8 -> 
  custom:scripting/monoscript/fileName/TeleType.cs: 31fa97821c4c70f157ec81d507aa6b62 -> 
  custom:scripting/monoscript/fileName/Benchmark04.cs: 32220b148620e52aa81c13a114862bf4 -> 
  custom:container-muxer-webm: aa71ff27fc2769a1b78a27578f13a17b -> 
  custom:video-decoder-webm-vp8: 9c59270c3fd7afecdb556c50c9e8de78 -> 
  custom:scripting/monoscript/fileName/TMP_PhoneNumberValidator.cs: 7c3049f481e464c6a9a15dee56c3126f -> 
  custom:SearchIndexIgnoredProperties: e643bd26f0fe6173181afceb89e7c659 -> 
  custom:AudioImporter_EditorPlatform: d09bf68614088b80899f8185d706f6e7 -> 
  custom:scripting/monoscript/fileName/EnvMapAnimator.cs: 1b4f61c17e4b7283c3ac351aacff9d26 -> 
  custom:scripting/monoscript/fileName/ShaderPropAnimator.cs: 55ce425812446482e623ff2695c94cb2 -> 
  custom:scripting/monoscript/fileName/SimpleScript.cs: 454caab0c6c050f29b39d82e1d66d0fa -> 
  custom:scripting/monoscript/fileName/ObjectSpin.cs: 2b96bb2079dd7fa5108d981627a28e1e -> 
  custom:scripting/monoscript/fileName/CameraController.cs: 34b6be4e23ce86dc89786916c5983296 -> 
  custom:scripting/monoscript/fileName/TMP_TextInfoDebugTool.cs: 3f1709cfb2cc628169113a35b5e9be3f -> 
  custom:scripting/monoscript/fileName/TMP_TextSelector_A.cs: 347309a09d56e367b188a6978f75b424 -> 
  custom:video-encoder-webm-vp8: eb34c28f22e8b96e1ab97ce403110664 -> 
  custom:audio-decoder-ogg-vorbis: bf7c407c2cedff20999df2af8eb42d56 -> 
  custom:scripting/monoscript/fileName/VertexJitter.cs: d27eb5498e48714a66aece98da065133 -> 
  custom:scripting/monoscript/fileName/TextConsoleSimulator.cs: 33fc311abb20b5b0ed8f00e4d86b574e -> 
  custom:scripting/monoscript/fileName/VertexColorCycler.cs: 5f984ca91cf3609293aecc6bc5641572 -> 
  custom:scripting/monoscript/fileName/TMP_FrameRateCounter.cs: 46f655df8cb483ac5958307137b1585a -> 
  custom:scripting/monoscript/fileName/VertexShakeB.cs: a6f78c4fcda1a29a1a1c1baefedba9e7 -> 
  custom:scripting/monoscript/fileName/TMP_UiFrameRateCounter.cs: b01021aea19247f14a98ab338907956a -> 
  custom:scripting/monoscript/fileName/TMPro_InstructionOverlay.cs: b626d2270e6ebd5c4311585c18b58d8d -> 
  custom:scripting/monoscript/fileName/TMP_DigitValidator.cs: ac02af96215ae3951a3cce9e1a8c6085 -> 
  custom:audio-encoder-webm-vorbis: bf7c407c2cedff20999df2af8eb42d56 -> 
  custom:scripting/monoscript/fileName/Benchmark01_UGUI.cs: 6148cfe2627b7708298f301788144139 -> 
  custom:scripting/precompiled-assembly-types:Assembly-CSharp: f825853d409a0befafbc7d54a7e7aa5b -> c48c441790bd3f7ca89b9b3822d92937
  custom:scripting/monoscript/fileName/Benchmark03.cs: 17cc87e0529ac71d909a946afb47a274 -> 
========================================================================
Received Prepare
Caller must complete domain reload
Begin MonoManager ReloadAssembly
- Loaded All Assemblies, in  0.750 seconds
Native extension for WindowsStandalone target not found
Mono: successfully reloaded assembly
- Finished resetting the current domain, in  1.496 seconds
Domain Reload Profiling: 2241ms
	BeginReloadAssembly (262ms)
		ExecutionOrderSort (0ms)
		DisableScriptedObjects (10ms)
		BackupInstance (0ms)
		ReleaseScriptingObjects (0ms)
		CreateAndSetChildDomain (41ms)
	RebuildCommonClasses (62ms)
	RebuildNativeTypeToScriptingClass (26ms)
	initialDomainReloadingComplete (48ms)
	LoadAllAssembliesAndSetupDomain (347ms)
		LoadAssemblies (456ms)
		RebuildTransferFunctionScriptingTraits (0ms)
		AnalyzeDomain (38ms)
			TypeCache.Refresh (12ms)
				TypeCache.ScanAssembly (1ms)
			ScanForSourceGeneratedMonoScriptInfo (10ms)
			ResolveRequiredComponents (12ms)
	FinalizeReload (1497ms)
		ReleaseScriptCaches (0ms)
		RebuildScriptCaches (0ms)
		SetupLoadedEditorAssemblies (566ms)
			LogAssemblyErrors (0ms)
			InitializePlatformSupportModulesInManaged (9ms)
			SetLoadedEditorAssemblies (7ms)
			RefreshPlugins (0ms)
			BeforeProcessingInitializeOnLoad (87ms)
			ProcessInitializeOnLoadAttributes (418ms)
			ProcessInitializeOnLoadMethodAttributes (32ms)
			AfterProcessingInitializeOnLoad (12ms)
			EditorAssembliesLoaded (0ms)
		ExecutionOrderSort2 (0ms)
		AwakeInstancesAfterBackupRestoration (21ms)
Refreshing native plugins compatible for Editor in 8.17 ms, found 3 plugins.
Preloading 0 native plugins for Editor in 0.00 ms.
Unloading 3180 Unused Serialized files (Serialized files now loaded: 0)
Unloading 27 unused Assets / (0.7 MB). Loaded Objects now: 3755.
Memory consumption went from 196.0 MB to 195.3 MB.
Total: 7.328700 ms (FindLiveObjects: 0.459400 ms CreateObjectMapping: 0.226300 ms MarkObjects: 5.737300 ms  DeleteObjects: 0.903700 ms)

Prepare: number of updated asset objects reloaded= 0
AssetImportParameters requested are different than current active one (requested -> active):
  custom:scripting/monoscript/fileName/SkewTextExample.cs: c142d02d70a129e0533975f7c2f96956 -> 
  custom:container-demuxer-ogg: 62fdf1f143b41e24485cea50d1cbac27 -> 
  custom:scripting/monoscript/fileName/TMP_TextEventHandler.cs: f5cd9d5a43bfefc8f4fec80e6de896a4 -> 
  custom:scripting/monoscript/fileName/TextMeshProFloatingText.cs: 92608fa4a6315cd0786d82205e77b697 -> 
  custom:scripting/monoscript/fileName/VertexZoom.cs: 650ab1e81d40126e3edcf737cce646e4 -> 
  custom:video-codec-MediaFoundation-h265: 746d11721c4dcdbdad8f713fa42b33f4 -> 
  custom:scripting/monoscript/fileName/VertexShakeA.cs: 63ec564c588058369499638dd899e05b -> 
  custom:scripting/monoscript/fileName/TMP_ExampleScript_01.cs: a9d4be556104ff54e7d240529b3e01dc -> 
  custom:video-decoder-ogg-theora: a1e56fd34408186e4bbccfd4996cb3dc -> 
  custom:scripting/monoscript/fileName/TMP_TextEventCheck.cs: 13505d917eab5868c435e0c2986dadfa -> 
  custom:scripting/monoscript/fileName/TMP_TextSelector_B.cs: ba2be21a7486d37b1011342977a2e49d -> 
  custom:scripting/monoscript/fileName/Benchmark01.cs: 2d3e2cd961730ab95f139a49a673bace -> 
  custom:framework-win-MediaFoundation: 216162199b28c13a410421893ffa2e32 -> 
  custom:scripting/monoscript/fileName/Benchmark02.cs: 5640963252ce70910e726415f869ced6 -> 
  custom:scripting/monoscript/fileName/DropdownSample.cs: 0a92251794e5f10400149f96c3c59e5d -> 
  custom:scripting/monoscript/fileName/WarpTextExample.cs: 2663459c266363641981c7d17b698d7f -> 
  custom:CustomObjectIndexerAttribute: 9a22284fe3817be447336de3de66b15e -> 
  custom:container-demuxer-webm: 4f35f7cbe854078d1ac9338744f61a02 -> 
  custom:scripting/monoscript/fileName/ChatController.cs: 876d5ccae6e345dd5d9450eb0a748f16 -> 
  custom:scripting/monoscript/fileName/TextMeshSpawner.cs: 76f28e2ddb031571e6ec62b018f65fa8 -> 
  custom:scripting/monoscript/fileName/TeleType.cs: 31fa97821c4c70f157ec81d507aa6b62 -> 
  custom:scripting/monoscript/fileName/Benchmark04.cs: 32220b148620e52aa81c13a114862bf4 -> 
  custom:container-muxer-webm: aa71ff27fc2769a1b78a27578f13a17b -> 
  custom:video-decoder-webm-vp8: 9c59270c3fd7afecdb556c50c9e8de78 -> 
  custom:scripting/monoscript/fileName/TMP_PhoneNumberValidator.cs: 7c3049f481e464c6a9a15dee56c3126f -> 
  custom:SearchIndexIgnoredProperties: e643bd26f0fe6173181afceb89e7c659 -> 
  custom:AudioImporter_EditorPlatform: d09bf68614088b80899f8185d706f6e7 -> 
  custom:scripting/monoscript/fileName/EnvMapAnimator.cs: 1b4f61c17e4b7283c3ac351aacff9d26 -> 
  custom:scripting/monoscript/fileName/ShaderPropAnimator.cs: 55ce425812446482e623ff2695c94cb2 -> 
  custom:scripting/monoscript/fileName/SimpleScript.cs: 454caab0c6c050f29b39d82e1d66d0fa -> 
  custom:scripting/monoscript/fileName/ObjectSpin.cs: 2b96bb2079dd7fa5108d981627a28e1e -> 
  custom:scripting/monoscript/fileName/CameraController.cs: 34b6be4e23ce86dc89786916c5983296 -> 
  custom:scripting/monoscript/fileName/TMP_TextInfoDebugTool.cs: 3f1709cfb2cc628169113a35b5e9be3f -> 
  custom:scripting/monoscript/fileName/TMP_TextSelector_A.cs: 347309a09d56e367b188a6978f75b424 -> 
  custom:video-encoder-webm-vp8: eb34c28f22e8b96e1ab97ce403110664 -> 
  custom:audio-decoder-ogg-vorbis: bf7c407c2cedff20999df2af8eb42d56 -> 
  custom:scripting/monoscript/fileName/VertexJitter.cs: d27eb5498e48714a66aece98da065133 -> 
  custom:scripting/monoscript/fileName/TextConsoleSimulator.cs: 33fc311abb20b5b0ed8f00e4d86b574e -> 
  custom:scripting/monoscript/fileName/VertexColorCycler.cs: 5f984ca91cf3609293aecc6bc5641572 -> 
  custom:scripting/monoscript/fileName/TMP_FrameRateCounter.cs: 46f655df8cb483ac5958307137b1585a -> 
  custom:scripting/monoscript/fileName/VertexShakeB.cs: a6f78c4fcda1a29a1a1c1baefedba9e7 -> 
  custom:scripting/monoscript/fileName/TMP_UiFrameRateCounter.cs: b01021aea19247f14a98ab338907956a -> 
  custom:scripting/monoscript/fileName/TMPro_InstructionOverlay.cs: b626d2270e6ebd5c4311585c18b58d8d -> 
  custom:scripting/monoscript/fileName/TMP_DigitValidator.cs: ac02af96215ae3951a3cce9e1a8c6085 -> 
  custom:audio-encoder-webm-vorbis: bf7c407c2cedff20999df2af8eb42d56 -> 
  custom:scripting/monoscript/fileName/Benchmark01_UGUI.cs: 6148cfe2627b7708298f301788144139 -> 
  custom:scripting/precompiled-assembly-types:Assembly-CSharp: f825853d409a0befafbc7d54a7e7aa5b -> c48c441790bd3f7ca89b9b3822d92937
  custom:scripting/monoscript/fileName/Benchmark03.cs: 17cc87e0529ac71d909a946afb47a274 -> 
========================================================================
Received Prepare
Caller must complete domain reload
Begin MonoManager ReloadAssembly
- Loaded All Assemblies, in  0.872 seconds
Native extension for WindowsStandalone target not found
Mono: successfully reloaded assembly
- Finished resetting the current domain, in  1.997 seconds
Domain Reload Profiling: 2861ms
	BeginReloadAssembly (296ms)
		ExecutionOrderSort (0ms)
		DisableScriptedObjects (11ms)
		BackupInstance (0ms)
		ReleaseScriptingObjects (0ms)
		CreateAndSetChildDomain (47ms)
	RebuildCommonClasses (76ms)
	RebuildNativeTypeToScriptingClass (29ms)
	initialDomainReloadingComplete (68ms)
	LoadAllAssembliesAndSetupDomain (394ms)
		LoadAssemblies (553ms)
		RebuildTransferFunctionScriptingTraits (0ms)
		AnalyzeDomain (24ms)
			TypeCache.Refresh (7ms)
				TypeCache.ScanAssembly (0ms)
			ScanForSourceGeneratedMonoScriptInfo (0ms)
			ResolveRequiredComponents (15ms)
	FinalizeReload (1998ms)
		ReleaseScriptCaches (0ms)
		RebuildScriptCaches (0ms)
		SetupLoadedEditorAssemblies (921ms)
			LogAssemblyErrors (0ms)
			InitializePlatformSupportModulesInManaged (12ms)
			SetLoadedEditorAssemblies (10ms)
			RefreshPlugins (0ms)
			BeforeProcessingInitializeOnLoad (129ms)
			ProcessInitializeOnLoadAttributes (696ms)
			ProcessInitializeOnLoadMethodAttributes (59ms)
			AfterProcessingInitializeOnLoad (14ms)
			EditorAssembliesLoaded (0ms)
		ExecutionOrderSort2 (0ms)
		AwakeInstancesAfterBackupRestoration (15ms)
Refreshing native plugins compatible for Editor in 10.07 ms, found 3 plugins.
Preloading 0 native plugins for Editor in 0.00 ms.
Unloading 3180 Unused Serialized files (Serialized files now loaded: 0)
Unloading 27 unused Assets / (0.7 MB). Loaded Objects now: 3758.
Memory consumption went from 196.0 MB to 195.3 MB.
Total: 6.758200 ms (FindLiveObjects: 0.482700 ms CreateObjectMapping: 0.355100 ms MarkObjects: 4.745400 ms  DeleteObjects: 1.173500 ms)

Prepare: number of updated asset objects reloaded= 0
AssetImportParameters requested are different than current active one (requested -> active):
  custom:scripting/monoscript/fileName/SkewTextExample.cs: c142d02d70a129e0533975f7c2f96956 -> 
  custom:container-demuxer-ogg: 62fdf1f143b41e24485cea50d1cbac27 -> 
  custom:scripting/monoscript/fileName/TMP_TextEventHandler.cs: f5cd9d5a43bfefc8f4fec80e6de896a4 -> 
  custom:scripting/monoscript/fileName/TextMeshProFloatingText.cs: 92608fa4a6315cd0786d82205e77b697 -> 
  custom:scripting/monoscript/fileName/VertexZoom.cs: 650ab1e81d40126e3edcf737cce646e4 -> 
  custom:video-codec-MediaFoundation-h265: 746d11721c4dcdbdad8f713fa42b33f4 -> 
  custom:scripting/monoscript/fileName/VertexShakeA.cs: 63ec564c588058369499638dd899e05b -> 
  custom:scripting/monoscript/fileName/TMP_ExampleScript_01.cs: a9d4be556104ff54e7d240529b3e01dc -> 
  custom:video-decoder-ogg-theora: a1e56fd34408186e4bbccfd4996cb3dc -> 
  custom:scripting/monoscript/fileName/TMP_TextEventCheck.cs: 13505d917eab5868c435e0c2986dadfa -> 
  custom:scripting/monoscript/fileName/TMP_TextSelector_B.cs: ba2be21a7486d37b1011342977a2e49d -> 
  custom:scripting/monoscript/fileName/Benchmark01.cs: 2d3e2cd961730ab95f139a49a673bace -> 
  custom:framework-win-MediaFoundation: 216162199b28c13a410421893ffa2e32 -> 
  custom:scripting/monoscript/fileName/Benchmark02.cs: 5640963252ce70910e726415f869ced6 -> 
  custom:scripting/monoscript/fileName/DropdownSample.cs: 0a92251794e5f10400149f96c3c59e5d -> 
  custom:scripting/monoscript/fileName/WarpTextExample.cs: 2663459c266363641981c7d17b698d7f -> 
  custom:CustomObjectIndexerAttribute: 9a22284fe3817be447336de3de66b15e -> 
  custom:container-demuxer-webm: 4f35f7cbe854078d1ac9338744f61a02 -> 
  custom:scripting/monoscript/fileName/ChatController.cs: 876d5ccae6e345dd5d9450eb0a748f16 -> 
  custom:scripting/monoscript/fileName/TextMeshSpawner.cs: 76f28e2ddb031571e6ec62b018f65fa8 -> 
  custom:scripting/monoscript/fileName/TeleType.cs: 31fa97821c4c70f157ec81d507aa6b62 -> 
  custom:scripting/monoscript/fileName/Benchmark04.cs: 32220b148620e52aa81c13a114862bf4 -> 
  custom:container-muxer-webm: aa71ff27fc2769a1b78a27578f13a17b -> 
  custom:video-decoder-webm-vp8: 9c59270c3fd7afecdb556c50c9e8de78 -> 
  custom:scripting/monoscript/fileName/TMP_PhoneNumberValidator.cs: 7c3049f481e464c6a9a15dee56c3126f -> 
  custom:SearchIndexIgnoredProperties: e643bd26f0fe6173181afceb89e7c659 -> 
  custom:AudioImporter_EditorPlatform: d09bf68614088b80899f8185d706f6e7 -> 
  custom:scripting/monoscript/fileName/EnvMapAnimator.cs: 1b4f61c17e4b7283c3ac351aacff9d26 -> 
  custom:scripting/monoscript/fileName/ShaderPropAnimator.cs: 55ce425812446482e623ff2695c94cb2 -> 
  custom:scripting/monoscript/fileName/SimpleScript.cs: 454caab0c6c050f29b39d82e1d66d0fa -> 
  custom:scripting/monoscript/fileName/ObjectSpin.cs: 2b96bb2079dd7fa5108d981627a28e1e -> 
  custom:scripting/monoscript/fileName/CameraController.cs: 34b6be4e23ce86dc89786916c5983296 -> 
  custom:scripting/monoscript/fileName/TMP_TextInfoDebugTool.cs: 3f1709cfb2cc628169113a35b5e9be3f -> 
  custom:scripting/monoscript/fileName/TMP_TextSelector_A.cs: 347309a09d56e367b188a6978f75b424 -> 
  custom:video-encoder-webm-vp8: eb34c28f22e8b96e1ab97ce403110664 -> 
  custom:audio-decoder-ogg-vorbis: bf7c407c2cedff20999df2af8eb42d56 -> 
  custom:scripting/monoscript/fileName/VertexJitter.cs: d27eb5498e48714a66aece98da065133 -> 
  custom:scripting/monoscript/fileName/TextConsoleSimulator.cs: 33fc311abb20b5b0ed8f00e4d86b574e -> 
  custom:scripting/monoscript/fileName/VertexColorCycler.cs: 5f984ca91cf3609293aecc6bc5641572 -> 
  custom:scripting/monoscript/fileName/TMP_FrameRateCounter.cs: 46f655df8cb483ac5958307137b1585a -> 
  custom:scripting/monoscript/fileName/VertexShakeB.cs: a6f78c4fcda1a29a1a1c1baefedba9e7 -> 
  custom:scripting/monoscript/fileName/TMP_UiFrameRateCounter.cs: b01021aea19247f14a98ab338907956a -> 
  custom:scripting/monoscript/fileName/TMPro_InstructionOverlay.cs: b626d2270e6ebd5c4311585c18b58d8d -> 
  custom:scripting/monoscript/fileName/TMP_DigitValidator.cs: ac02af96215ae3951a3cce9e1a8c6085 -> 
  custom:audio-encoder-webm-vorbis: bf7c407c2cedff20999df2af8eb42d56 -> 
  custom:scripting/monoscript/fileName/Benchmark01_UGUI.cs: 6148cfe2627b7708298f301788144139 -> 
  custom:scripting/precompiled-assembly-types:Assembly-CSharp: f825853d409a0befafbc7d54a7e7aa5b -> c48c441790bd3f7ca89b9b3822d92937
  custom:scripting/monoscript/fileName/Benchmark03.cs: 17cc87e0529ac71d909a946afb47a274 -> 
========================================================================
Received Prepare
Caller must complete domain reload
Begin MonoManager ReloadAssembly
- Loaded All Assemblies, in  0.977 seconds
Native extension for WindowsStandalone target not found
Mono: successfully reloaded assembly
- Finished resetting the current domain, in  1.655 seconds
Domain Reload Profiling: 2622ms
	BeginReloadAssembly (251ms)
		ExecutionOrderSort (0ms)
		DisableScriptedObjects (9ms)
		BackupInstance (0ms)
		ReleaseScriptingObjects (0ms)
		CreateAndSetChildDomain (43ms)
	RebuildCommonClasses (107ms)
	RebuildNativeTypeToScriptingClass (51ms)
	initialDomainReloadingComplete (110ms)
	LoadAllAssembliesAndSetupDomain (446ms)
		LoadAssemblies (554ms)
		RebuildTransferFunctionScriptingTraits (0ms)
		AnalyzeDomain (35ms)
			TypeCache.Refresh (13ms)
				TypeCache.ScanAssembly (1ms)
			ScanForSourceGeneratedMonoScriptInfo (12ms)
			ResolveRequiredComponents (9ms)
	FinalizeReload (1656ms)
		ReleaseScriptCaches (0ms)
		RebuildScriptCaches (0ms)
		SetupLoadedEditorAssemblies (709ms)
			LogAssemblyErrors (0ms)
			InitializePlatformSupportModulesInManaged (8ms)
			SetLoadedEditorAssemblies (7ms)
			RefreshPlugins (0ms)
			BeforeProcessingInitializeOnLoad (124ms)
			ProcessInitializeOnLoadAttributes (517ms)
			ProcessInitializeOnLoadMethodAttributes (39ms)
			AfterProcessingInitializeOnLoad (13ms)
			EditorAssembliesLoaded (0ms)
		ExecutionOrderSort2 (0ms)
		AwakeInstancesAfterBackupRestoration (15ms)
Refreshing native plugins compatible for Editor in 5.37 ms, found 3 plugins.
Preloading 0 native plugins for Editor in 0.00 ms.
Unloading 3180 Unused Serialized files (Serialized files now loaded: 0)
Unloading 27 unused Assets / (0.7 MB). Loaded Objects now: 3761.
Memory consumption went from 196.0 MB to 195.3 MB.
Total: 5.512500 ms (FindLiveObjects: 0.347100 ms CreateObjectMapping: 0.098000 ms MarkObjects: 4.551300 ms  DeleteObjects: 0.514100 ms)

Prepare: number of updated asset objects reloaded= 0
AssetImportParameters requested are different than current active one (requested -> active):
  custom:scripting/monoscript/fileName/SkewTextExample.cs: c142d02d70a129e0533975f7c2f96956 -> 
  custom:container-demuxer-ogg: 62fdf1f143b41e24485cea50d1cbac27 -> 
  custom:scripting/monoscript/fileName/TMP_TextEventHandler.cs: f5cd9d5a43bfefc8f4fec80e6de896a4 -> 
  custom:scripting/monoscript/fileName/TextMeshProFloatingText.cs: 92608fa4a6315cd0786d82205e77b697 -> 
  custom:scripting/monoscript/fileName/VertexZoom.cs: 650ab1e81d40126e3edcf737cce646e4 -> 
  custom:video-codec-MediaFoundation-h265: 746d11721c4dcdbdad8f713fa42b33f4 -> 
  custom:scripting/monoscript/fileName/VertexShakeA.cs: 63ec564c588058369499638dd899e05b -> 
  custom:scripting/monoscript/fileName/TMP_ExampleScript_01.cs: a9d4be556104ff54e7d240529b3e01dc -> 
  custom:video-decoder-ogg-theora: a1e56fd34408186e4bbccfd4996cb3dc -> 
  custom:scripting/monoscript/fileName/TMP_TextEventCheck.cs: 13505d917eab5868c435e0c2986dadfa -> 
  custom:scripting/monoscript/fileName/TMP_TextSelector_B.cs: ba2be21a7486d37b1011342977a2e49d -> 
  custom:scripting/monoscript/fileName/Benchmark01.cs: 2d3e2cd961730ab95f139a49a673bace -> 
  custom:framework-win-MediaFoundation: 216162199b28c13a410421893ffa2e32 -> 
  custom:scripting/monoscript/fileName/Benchmark02.cs: 5640963252ce70910e726415f869ced6 -> 
  custom:scripting/monoscript/fileName/DropdownSample.cs: 0a92251794e5f10400149f96c3c59e5d -> 
  custom:scripting/monoscript/fileName/WarpTextExample.cs: 2663459c266363641981c7d17b698d7f -> 
  custom:CustomObjectIndexerAttribute: 9a22284fe3817be447336de3de66b15e -> 
  custom:container-demuxer-webm: 4f35f7cbe854078d1ac9338744f61a02 -> 
  custom:scripting/monoscript/fileName/ChatController.cs: 876d5ccae6e345dd5d9450eb0a748f16 -> 
  custom:scripting/monoscript/fileName/TextMeshSpawner.cs: 76f28e2ddb031571e6ec62b018f65fa8 -> 
  custom:scripting/monoscript/fileName/TeleType.cs: 31fa97821c4c70f157ec81d507aa6b62 -> 
  custom:scripting/monoscript/fileName/Benchmark04.cs: 32220b148620e52aa81c13a114862bf4 -> 
  custom:container-muxer-webm: aa71ff27fc2769a1b78a27578f13a17b -> 
  custom:video-decoder-webm-vp8: 9c59270c3fd7afecdb556c50c9e8de78 -> 
  custom:scripting/monoscript/fileName/TMP_PhoneNumberValidator.cs: 7c3049f481e464c6a9a15dee56c3126f -> 
  custom:SearchIndexIgnoredProperties: e643bd26f0fe6173181afceb89e7c659 -> 
  custom:AudioImporter_EditorPlatform: d09bf68614088b80899f8185d706f6e7 -> 
  custom:scripting/monoscript/fileName/EnvMapAnimator.cs: 1b4f61c17e4b7283c3ac351aacff9d26 -> 
  custom:scripting/monoscript/fileName/ShaderPropAnimator.cs: 55ce425812446482e623ff2695c94cb2 -> 
  custom:scripting/monoscript/fileName/SimpleScript.cs: 454caab0c6c050f29b39d82e1d66d0fa -> 
  custom:scripting/monoscript/fileName/ObjectSpin.cs: 2b96bb2079dd7fa5108d981627a28e1e -> 
  custom:scripting/monoscript/fileName/CameraController.cs: 34b6be4e23ce86dc89786916c5983296 -> 
  custom:scripting/monoscript/fileName/TMP_TextInfoDebugTool.cs: 3f1709cfb2cc628169113a35b5e9be3f -> 
  custom:scripting/monoscript/fileName/TMP_TextSelector_A.cs: 347309a09d56e367b188a6978f75b424 -> 
  custom:video-encoder-webm-vp8: eb34c28f22e8b96e1ab97ce403110664 -> 
  custom:audio-decoder-ogg-vorbis: bf7c407c2cedff20999df2af8eb42d56 -> 
  custom:scripting/monoscript/fileName/VertexJitter.cs: d27eb5498e48714a66aece98da065133 -> 
  custom:scripting/monoscript/fileName/TextConsoleSimulator.cs: 33fc311abb20b5b0ed8f00e4d86b574e -> 
  custom:scripting/monoscript/fileName/VertexColorCycler.cs: 5f984ca91cf3609293aecc6bc5641572 -> 
  custom:scripting/monoscript/fileName/TMP_FrameRateCounter.cs: 46f655df8cb483ac5958307137b1585a -> 
  custom:scripting/monoscript/fileName/VertexShakeB.cs: a6f78c4fcda1a29a1a1c1baefedba9e7 -> 
  custom:scripting/monoscript/fileName/TMP_UiFrameRateCounter.cs: b01021aea19247f14a98ab338907956a -> 
  custom:scripting/monoscript/fileName/TMPro_InstructionOverlay.cs: b626d2270e6ebd5c4311585c18b58d8d -> 
  custom:scripting/monoscript/fileName/TMP_DigitValidator.cs: ac02af96215ae3951a3cce9e1a8c6085 -> 
  custom:audio-encoder-webm-vorbis: bf7c407c2cedff20999df2af8eb42d56 -> 
  custom:scripting/monoscript/fileName/Benchmark01_UGUI.cs: 6148cfe2627b7708298f301788144139 -> 
  custom:scripting/precompiled-assembly-types:Assembly-CSharp: f825853d409a0befafbc7d54a7e7aa5b -> c48c441790bd3f7ca89b9b3822d92937
  custom:scripting/monoscript/fileName/Benchmark03.cs: 17cc87e0529ac71d909a946afb47a274 -> 
========================================================================
Received Prepare
Caller must complete domain reload
Begin MonoManager ReloadAssembly
- Loaded All Assemblies, in  0.699 seconds
Native extension for WindowsStandalone target not found
Mono: successfully reloaded assembly
- Finished resetting the current domain, in  1.955 seconds
Domain Reload Profiling: 2650ms
	BeginReloadAssembly (245ms)
		ExecutionOrderSort (0ms)
		DisableScriptedObjects (11ms)
		BackupInstance (0ms)
		ReleaseScriptingObjects (0ms)
		CreateAndSetChildDomain (45ms)
	RebuildCommonClasses (60ms)
	RebuildNativeTypeToScriptingClass (28ms)
	initialDomainReloadingComplete (51ms)
	LoadAllAssembliesAndSetupDomain (311ms)
		LoadAssemblies (434ms)
		RebuildTransferFunctionScriptingTraits (0ms)
		AnalyzeDomain (21ms)
			TypeCache.Refresh (7ms)
				TypeCache.ScanAssembly (0ms)
			ScanForSourceGeneratedMonoScriptInfo (0ms)
			ResolveRequiredComponents (11ms)
	FinalizeReload (1956ms)
		ReleaseScriptCaches (0ms)
		RebuildScriptCaches (0ms)
		SetupLoadedEditorAssemblies (950ms)
			LogAssemblyErrors (0ms)
			InitializePlatformSupportModulesInManaged (16ms)
			SetLoadedEditorAssemblies (10ms)
			RefreshPlugins (0ms)
			BeforeProcessingInitializeOnLoad (120ms)
			ProcessInitializeOnLoadAttributes (735ms)
			ProcessInitializeOnLoadMethodAttributes (50ms)
			AfterProcessingInitializeOnLoad (18ms)
			EditorAssembliesLoaded (0ms)
		ExecutionOrderSort2 (0ms)
		AwakeInstancesAfterBackupRestoration (14ms)
Refreshing native plugins compatible for Editor in 7.90 ms, found 3 plugins.
Preloading 0 native plugins for Editor in 0.00 ms.
Unloading 3180 Unused Serialized files (Serialized files now loaded: 0)
Unloading 27 unused Assets / (0.7 MB). Loaded Objects now: 3764.
Memory consumption went from 196.0 MB to 195.3 MB.
Total: 8.041200 ms (FindLiveObjects: 0.725700 ms CreateObjectMapping: 0.319800 ms MarkObjects: 6.294900 ms  DeleteObjects: 0.698800 ms)

Prepare: number of updated asset objects reloaded= 0
AssetImportParameters requested are different than current active one (requested -> active):
  custom:scripting/monoscript/fileName/SkewTextExample.cs: c142d02d70a129e0533975f7c2f96956 -> 
  custom:container-demuxer-ogg: 62fdf1f143b41e24485cea50d1cbac27 -> 
  custom:scripting/monoscript/fileName/TMP_TextEventHandler.cs: f5cd9d5a43bfefc8f4fec80e6de896a4 -> 
  custom:scripting/monoscript/fileName/TextMeshProFloatingText.cs: 92608fa4a6315cd0786d82205e77b697 -> 
  custom:scripting/monoscript/fileName/VertexZoom.cs: 650ab1e81d40126e3edcf737cce646e4 -> 
  custom:video-codec-MediaFoundation-h265: 746d11721c4dcdbdad8f713fa42b33f4 -> 
  custom:scripting/monoscript/fileName/VertexShakeA.cs: 63ec564c588058369499638dd899e05b -> 
  custom:scripting/monoscript/fileName/TMP_ExampleScript_01.cs: a9d4be556104ff54e7d240529b3e01dc -> 
  custom:video-decoder-ogg-theora: a1e56fd34408186e4bbccfd4996cb3dc -> 
  custom:scripting/monoscript/fileName/TMP_TextEventCheck.cs: 13505d917eab5868c435e0c2986dadfa -> 
  custom:scripting/monoscript/fileName/TMP_TextSelector_B.cs: ba2be21a7486d37b1011342977a2e49d -> 
  custom:scripting/monoscript/fileName/Benchmark01.cs: 2d3e2cd961730ab95f139a49a673bace -> 
  custom:framework-win-MediaFoundation: 216162199b28c13a410421893ffa2e32 -> 
  custom:scripting/monoscript/fileName/Benchmark02.cs: 5640963252ce70910e726415f869ced6 -> 
  custom:scripting/monoscript/fileName/DropdownSample.cs: 0a92251794e5f10400149f96c3c59e5d -> 
  custom:scripting/monoscript/fileName/WarpTextExample.cs: 2663459c266363641981c7d17b698d7f -> 
  custom:CustomObjectIndexerAttribute: 9a22284fe3817be447336de3de66b15e -> 
  custom:container-demuxer-webm: 4f35f7cbe854078d1ac9338744f61a02 -> 
  custom:scripting/monoscript/fileName/ChatController.cs: 876d5ccae6e345dd5d9450eb0a748f16 -> 
  custom:scripting/monoscript/fileName/TextMeshSpawner.cs: 76f28e2ddb031571e6ec62b018f65fa8 -> 
  custom:scripting/monoscript/fileName/TeleType.cs: 31fa97821c4c70f157ec81d507aa6b62 -> 
  custom:scripting/monoscript/fileName/Benchmark04.cs: 32220b148620e52aa81c13a114862bf4 -> 
  custom:container-muxer-webm: aa71ff27fc2769a1b78a27578f13a17b -> 
  custom:video-decoder-webm-vp8: 9c59270c3fd7afecdb556c50c9e8de78 -> 
  custom:scripting/monoscript/fileName/TMP_PhoneNumberValidator.cs: 7c3049f481e464c6a9a15dee56c3126f -> 
  custom:SearchIndexIgnoredProperties: e643bd26f0fe6173181afceb89e7c659 -> 
  custom:AudioImporter_EditorPlatform: d09bf68614088b80899f8185d706f6e7 -> 
  custom:scripting/monoscript/fileName/EnvMapAnimator.cs: 1b4f61c17e4b7283c3ac351aacff9d26 -> 
  custom:scripting/monoscript/fileName/ShaderPropAnimator.cs: 55ce425812446482e623ff2695c94cb2 -> 
  custom:scripting/monoscript/fileName/SimpleScript.cs: 454caab0c6c050f29b39d82e1d66d0fa -> 
  custom:scripting/monoscript/fileName/ObjectSpin.cs: 2b96bb2079dd7fa5108d981627a28e1e -> 
  custom:scripting/monoscript/fileName/CameraController.cs: 34b6be4e23ce86dc89786916c5983296 -> 
  custom:scripting/monoscript/fileName/TMP_TextInfoDebugTool.cs: 3f1709cfb2cc628169113a35b5e9be3f -> 
  custom:scripting/monoscript/fileName/TMP_TextSelector_A.cs: 347309a09d56e367b188a6978f75b424 -> 
  custom:video-encoder-webm-vp8: eb34c28f22e8b96e1ab97ce403110664 -> 
  custom:audio-decoder-ogg-vorbis: bf7c407c2cedff20999df2af8eb42d56 -> 
  custom:scripting/monoscript/fileName/VertexJitter.cs: d27eb5498e48714a66aece98da065133 -> 
  custom:scripting/monoscript/fileName/TextConsoleSimulator.cs: 33fc311abb20b5b0ed8f00e4d86b574e -> 
  custom:scripting/monoscript/fileName/VertexColorCycler.cs: 5f984ca91cf3609293aecc6bc5641572 -> 
  custom:scripting/monoscript/fileName/TMP_FrameRateCounter.cs: 46f655df8cb483ac5958307137b1585a -> 
  custom:scripting/monoscript/fileName/VertexShakeB.cs: a6f78c4fcda1a29a1a1c1baefedba9e7 -> 
  custom:scripting/monoscript/fileName/TMP_UiFrameRateCounter.cs: b01021aea19247f14a98ab338907956a -> 
  custom:scripting/monoscript/fileName/TMPro_InstructionOverlay.cs: b626d2270e6ebd5c4311585c18b58d8d -> 
  custom:scripting/monoscript/fileName/TMP_DigitValidator.cs: ac02af96215ae3951a3cce9e1a8c6085 -> 
  custom:audio-encoder-webm-vorbis: bf7c407c2cedff20999df2af8eb42d56 -> 
  custom:scripting/monoscript/fileName/Benchmark01_UGUI.cs: 6148cfe2627b7708298f301788144139 -> 
  custom:scripting/precompiled-assembly-types:Assembly-CSharp: f825853d409a0befafbc7d54a7e7aa5b -> c48c441790bd3f7ca89b9b3822d92937
  custom:scripting/monoscript/fileName/Benchmark03.cs: 17cc87e0529ac71d909a946afb47a274 -> 
========================================================================
Received Import Request.
  Time since last request: 248.537822 seconds.
  path: Assets/Prefabs/Bloques.prefab
  artifactKey: Guid(5e8edc5629ea58c41a9b4b3e66af0e50) Importer(815301076,1909f56bfc062723c751e8b465ee728b)
Start importing Assets/Prefabs/Bloques.prefab using Guid(5e8edc5629ea58c41a9b4b3e66af0e50) Importer(815301076,1909f56bfc062723c751e8b465ee728b) [PhysX] Initialized MultithreadedTaskDispatcher with 4 workers.
[PhysX] Initialized MultithreadedTaskDispatcher with 4 workers.
 -> (artifact id: 'e1b7985db5509b9a9d881a83e1bfba61') in 0.294642 seconds
Number of updated asset objects reloaded before import = 0
Number of asset objects unloaded after import = 36
========================================================================
Received Import Request.
  Time since last request: 0.000088 seconds.
  path: Assets/Prefabs/Doble Bala.prefab
  artifactKey: Guid(5b31cf03003050e4090667cdd97ab56d) Importer(815301076,1909f56bfc062723c751e8b465ee728b)
Start importing Assets/Prefabs/Doble Bala.prefab using Guid(5b31cf03003050e4090667cdd97ab56d) Importer(815301076,1909f56bfc062723c751e8b465ee728b) [PhysX] Initialized MultithreadedTaskDispatcher with 4 workers.
[PhysX] Initialized MultithreadedTaskDispatcher with 4 workers.
 -> (artifact id: '96c866fd5eabc1499da1f9ddf1b6b3db') in 0.037228 seconds
Number of updated asset objects reloaded before import = 0
Number of asset objects unloaded after import = 16
========================================================================
Received Import Request.
  Time since last request: 0.000047 seconds.
  path: Assets/Prefabs/Sphere 1.prefab
  artifactKey: Guid(93c1815bd27c550419d65af17f8bbb59) Importer(815301076,1909f56bfc062723c751e8b465ee728b)
Start importing Assets/Prefabs/Sphere 1.prefab using Guid(93c1815bd27c550419d65af17f8bbb59) Importer(815301076,1909f56bfc062723c751e8b465ee728b) [PhysX] Initialized MultithreadedTaskDispatcher with 4 workers.
[PhysX] Initialized MultithreadedTaskDispatcher with 4 workers.
 -> (artifact id: '68c81bccdb46b0f7ee361ccb9769077f') in 0.056892 seconds
Number of updated asset objects reloaded before import = 0
Number of asset objects unloaded after import = 9
========================================================================
Received Prepare
Caller must complete domain reload
Begin MonoManager ReloadAssembly
- Loaded All Assemblies, in  0.676 seconds
Native extension for WindowsStandalone target not found
Mono: successfully reloaded assembly
- Finished resetting the current domain, in  1.804 seconds
Domain Reload Profiling: 2476ms
	BeginReloadAssembly (249ms)
		ExecutionOrderSort (0ms)
		DisableScriptedObjects (11ms)
		BackupInstance (0ms)
		ReleaseScriptingObjects (0ms)
		CreateAndSetChildDomain (44ms)
	RebuildCommonClasses (56ms)
	RebuildNativeTypeToScriptingClass (23ms)
	initialDomainReloadingComplete (45ms)
	LoadAllAssembliesAndSetupDomain (297ms)
		LoadAssemblies (420ms)
		RebuildTransferFunctionScriptingTraits (0ms)
		AnalyzeDomain (16ms)
			TypeCache.Refresh (6ms)
				TypeCache.ScanAssembly (0ms)
			ScanForSourceGeneratedMonoScriptInfo (0ms)
			ResolveRequiredComponents (8ms)
	FinalizeReload (1805ms)
		ReleaseScriptCaches (0ms)
		RebuildScriptCaches (0ms)
		SetupLoadedEditorAssemblies (887ms)
			LogAssemblyErrors (0ms)
			InitializePlatformSupportModulesInManaged (15ms)
			SetLoadedEditorAssemblies (10ms)
			RefreshPlugins (0ms)
			BeforeProcessingInitializeOnLoad (139ms)
			ProcessInitializeOnLoadAttributes (657ms)
			ProcessInitializeOnLoadMethodAttributes (50ms)
			AfterProcessingInitializeOnLoad (15ms)
			EditorAssembliesLoaded (0ms)
		ExecutionOrderSort2 (0ms)
		AwakeInstancesAfterBackupRestoration (18ms)
Refreshing native plugins compatible for Editor in 10.82 ms, found 3 plugins.
Preloading 0 native plugins for Editor in 0.00 ms.
Unloading 3179 Unused Serialized files (Serialized files now loaded: 0)
Unloading 26 unused Assets / (0.7 MB). Loaded Objects now: 3778.
Memory consumption went from 200.3 MB to 199.6 MB.
Total: 7.166600 ms (FindLiveObjects: 0.669600 ms CreateObjectMapping: 0.508000 ms MarkObjects: 5.023300 ms  DeleteObjects: 0.963000 ms)

Prepare: number of updated asset objects reloaded= 0
AssetImportParameters requested are different than current active one (requested -> active):
  custom:scripting/monoscript/fileName/SkewTextExample.cs: c142d02d70a129e0533975f7c2f96956 -> 
  custom:container-demuxer-ogg: 62fdf1f143b41e24485cea50d1cbac27 -> 
  custom:scripting/monoscript/fileName/TMP_TextEventHandler.cs: f5cd9d5a43bfefc8f4fec80e6de896a4 -> 
  custom:scripting/monoscript/fileName/TextMeshProFloatingText.cs: 92608fa4a6315cd0786d82205e77b697 -> 
  custom:scripting/monoscript/fileName/VertexZoom.cs: 650ab1e81d40126e3edcf737cce646e4 -> 
  custom:video-codec-MediaFoundation-h265: 746d11721c4dcdbdad8f713fa42b33f4 -> 
  custom:scripting/monoscript/fileName/VertexShakeA.cs: 63ec564c588058369499638dd899e05b -> 
  custom:scripting/monoscript/fileName/TMP_ExampleScript_01.cs: a9d4be556104ff54e7d240529b3e01dc -> 
  custom:video-decoder-ogg-theora: a1e56fd34408186e4bbccfd4996cb3dc -> 
  custom:scripting/monoscript/fileName/TMP_TextEventCheck.cs: 13505d917eab5868c435e0c2986dadfa -> 
  custom:scripting/monoscript/fileName/TMP_TextSelector_B.cs: ba2be21a7486d37b1011342977a2e49d -> 
  custom:scripting/monoscript/fileName/Benchmark01.cs: 2d3e2cd961730ab95f139a49a673bace -> 
  custom:framework-win-MediaFoundation: 216162199b28c13a410421893ffa2e32 -> 
  custom:scripting/monoscript/fileName/Benchmark02.cs: 5640963252ce70910e726415f869ced6 -> 
  custom:scripting/monoscript/fileName/DropdownSample.cs: 0a92251794e5f10400149f96c3c59e5d -> 
  custom:scripting/monoscript/fileName/WarpTextExample.cs: 2663459c266363641981c7d17b698d7f -> 
  custom:CustomObjectIndexerAttribute: 9a22284fe3817be447336de3de66b15e -> 
  custom:container-demuxer-webm: 4f35f7cbe854078d1ac9338744f61a02 -> 
  custom:scripting/monoscript/fileName/ChatController.cs: 876d5ccae6e345dd5d9450eb0a748f16 -> 
  custom:scripting/monoscript/fileName/TextMeshSpawner.cs: 76f28e2ddb031571e6ec62b018f65fa8 -> 
  custom:scripting/monoscript/fileName/TeleType.cs: 31fa97821c4c70f157ec81d507aa6b62 -> 
  custom:scripting/monoscript/fileName/Benchmark04.cs: 32220b148620e52aa81c13a114862bf4 -> 
  custom:container-muxer-webm: aa71ff27fc2769a1b78a27578f13a17b -> 
  custom:video-decoder-webm-vp8: 9c59270c3fd7afecdb556c50c9e8de78 -> 
  custom:scripting/monoscript/fileName/TMP_PhoneNumberValidator.cs: 7c3049f481e464c6a9a15dee56c3126f -> 
  custom:SearchIndexIgnoredProperties: e643bd26f0fe6173181afceb89e7c659 -> 
  custom:AudioImporter_EditorPlatform: d09bf68614088b80899f8185d706f6e7 -> 
  custom:scripting/monoscript/fileName/EnvMapAnimator.cs: 1b4f61c17e4b7283c3ac351aacff9d26 -> 
  custom:scripting/monoscript/fileName/ShaderPropAnimator.cs: 55ce425812446482e623ff2695c94cb2 -> 
  custom:scripting/monoscript/fileName/SimpleScript.cs: 454caab0c6c050f29b39d82e1d66d0fa -> 
  custom:scripting/monoscript/fileName/ObjectSpin.cs: 2b96bb2079dd7fa5108d981627a28e1e -> 
  custom:scripting/monoscript/fileName/CameraController.cs: 34b6be4e23ce86dc89786916c5983296 -> 
  custom:scripting/monoscript/fileName/TMP_TextInfoDebugTool.cs: 3f1709cfb2cc628169113a35b5e9be3f -> 
  custom:scripting/monoscript/fileName/TMP_TextSelector_A.cs: 347309a09d56e367b188a6978f75b424 -> 
  custom:video-encoder-webm-vp8: eb34c28f22e8b96e1ab97ce403110664 -> 
  custom:audio-decoder-ogg-vorbis: bf7c407c2cedff20999df2af8eb42d56 -> 
  custom:scripting/monoscript/fileName/VertexJitter.cs: d27eb5498e48714a66aece98da065133 -> 
  custom:scripting/monoscript/fileName/TextConsoleSimulator.cs: 33fc311abb20b5b0ed8f00e4d86b574e -> 
  custom:scripting/monoscript/fileName/VertexColorCycler.cs: 5f984ca91cf3609293aecc6bc5641572 -> 
  custom:scripting/monoscript/fileName/TMP_FrameRateCounter.cs: 46f655df8cb483ac5958307137b1585a -> 
  custom:scripting/monoscript/fileName/VertexShakeB.cs: a6f78c4fcda1a29a1a1c1baefedba9e7 -> 
  custom:scripting/monoscript/fileName/TMP_UiFrameRateCounter.cs: b01021aea19247f14a98ab338907956a -> 
  custom:scripting/monoscript/fileName/TMPro_InstructionOverlay.cs: b626d2270e6ebd5c4311585c18b58d8d -> 
  custom:scripting/monoscript/fileName/TMP_DigitValidator.cs: ac02af96215ae3951a3cce9e1a8c6085 -> 
  custom:audio-encoder-webm-vorbis: bf7c407c2cedff20999df2af8eb42d56 -> 
  custom:scripting/monoscript/fileName/Benchmark01_UGUI.cs: 6148cfe2627b7708298f301788144139 -> 
  custom:scripting/precompiled-assembly-types:Assembly-CSharp: f825853d409a0befafbc7d54a7e7aa5b -> c48c441790bd3f7ca89b9b3822d92937
  custom:scripting/monoscript/fileName/Benchmark03.cs: 17cc87e0529ac71d909a946afb47a274 -> 
